x,Q2 (GeV^2),rate (Hz),A_clean,A_noisy,A_simplified,dA_stat,dA_sys_uncor,dA_sys_cor,d/u noisy,d/u clean,d/u PDF,d/u simplified,d/u shifted by 1 sig sys cor,d(d/u) from A_stat,d(d/u) from A_sys_uncor,d(d/u) from A_sys_cor,d(d/u) from sin^2(theta_w),d(d/u) from model
0.155,5.5,0.2252,-0.000363522,-0.000244103,-0.000356693,0.000889035,1.0282e-06,1.62572e-06,-0.159669,0.637362,0.582968,0.582968,-0.168633,7.16514,0.0082867,0.00896462,0.0214719,-0.0543944
0.165,6.5,3.1554,-0.000427876,-0.000573665,-0.00042076,0.000237507,1.21022e-06,1.91352e-06,1.86147,0.613684,0.566237,0.566237,1.84074,1.60006,0.0081531,0.0207334,0.0216319,-0.0474474
0.175,6.5,9.227,-0.000424757,-0.000348392,-0.000417905,0.000138891,1.2014e-06,1.89957e-06,0.137831,0.598083,0.552644,0.552644,0.127554,0.930202,0.00804619,0.0102771,0.0212568,-0.045439
0.185,6.5,10.6522,-0.000421374,-0.000328072,-0.000414746,0.000129266,1.19183e-06,1.88444e-06,0.03594,0.583399,0.539657,0.539657,0.026227,0.861366,0.00794176,0.00971303,0.0208013,-0.043742
0.185,7.5,7.1062,-0.000487777,-0.000591881,-0.000480686,0.000158265,1.37964e-06,2.1814e-06,1.26651,0.578157,0.537758,0.537758,1.24997,0.909692,0.00793006,0.0165403,0.0212635,-0.0403983
0.195,7.5,36.5541,-0.00048469,-0.000700822,-0.000477993,6.97806e-05,1.37091e-06,2.1676e-06,2.25639,0.563344,0.5254,0.5254,2.2332,0.398697,0.00783279,0.0231929,0.0209884,-0.037944
0.205,7.5,60.4079,-0.000481317,-0.000428756,-0.000474949,5.4282e-05,1.36137e-06,2.15252e-06,0.269139,0.549494,0.513579,0.513579,0.258392,0.308549,0.00773828,0.0107467,0.0206354,-0.0359148
0.215,7.5,59.2457,-0.00047777,-0.00047365,-0.000471693,5.48119e-05,1.35134e-06,2.13665e-06,0.513183,0.536378,0.50225,0.50225,0.501248,0.310142,0.00764629,0.0119349,0.0202335,-0.0341281
0.215,8.5,57.7499,-0.000543511,-0.000609193,-0.000537105,5.55172e-05,1.53728e-06,2.43066e-06,0.884314,0.532411,0.500785,0.500785,0.870321,0.276013,0.00764285,0.0139935,0.0207035,-0.0316258
0.225,8.5,202.546,-0.000540212,-0.000529283,-0.000534197,2.96443e-05,1.52795e-06,2.4159e-06,0.466106,0.519526,0.489967,0.489967,0.454467,0.146634,0.00755792,0.0116389,0.0204309,-0.0295585
0.235,8.5,268.543,-0.000536714,-0.000564359,-0.000531036,2.57452e-05,1.51806e-06,2.40026e-06,0.647747,0.507376,0.479587,0.479587,0.635213,0.126777,0.0074754,0.0125334,0.0201087,-0.0277892
0.235,9.5,4.6376,-0.000601388,-0.000404951,-0.000595361,0.00019591,1.70098e-06,2.68949e-06,-0.219557,0.50472,0.478397,0.478397,-0.227861,0.860723,0.00747321,0.0083037,0.0204208,-0.026323
0.245,8.5,196.017,-0.000533094,-0.000521432,-0.000527717,3.0134e-05,1.50782e-06,2.38407e-06,0.439325,0.495805,0.469588,0.469588,0.427953,0.147792,0.00739507,0.0113715,0.0197542,-0.0262174
0.245,9.5,188.204,-0.000598197,-0.000628899,-0.000592592,3.0753e-05,1.69196e-06,2.67522e-06,0.63116,0.492802,0.46843,0.46843,0.618766,0.134448,0.007397,0.0123939,0.0202111,-0.0243724
0.255,9.5,477.789,-0.000594784,-0.000599427,-0.000589537,1.93012e-05,1.6823e-06,2.65995e-06,0.501855,0.481551,0.458829,0.458829,0.490202,0.0840149,0.00732277,0.0116532,0.0199528,-0.0227222
0.265,9.5,581.544,-0.00059122,-0.000571512,-0.000586287,1.74949e-05,1.67222e-06,2.64402e-06,0.386997,0.470843,0.449557,0.449557,0.375987,0.0758541,0.00725039,0.0110102,0.0196604,-0.021286
0.265,10.5,31.3121,-0.000655377,-0.000708699,-0.000650207,7.53957e-05,1.85368e-06,2.93093e-06,0.687561,0.468732,0.448599,0.448599,0.674977,0.294971,0.00725219,0.0125834,0.0199881,-0.0201338
0.275,9.5,425.347,-0.000587563,-0.000619708,-0.000582911,2.04565e-05,1.66188e-06,2.62766e-06,0.603924,0.460589,0.44058,0.44058,0.591862,0.0883779,0.0071798,0.0120619,0.0193455,-0.0200089
0.275,10.5,351.986,-0.000652065,-0.000632872,-0.000647258,2.24874e-05,1.84432e-06,2.91612e-06,0.384755,0.458294,0.439644,0.439644,0.373793,0.0876069,0.00718513,0.0109615,0.0197811,-0.0186501
0.285,9.5,30.1859,-0.000583867,-0.000577942,-0.000579471,7.67893e-05,1.65142e-06,2.61113e-06,0.425373,0.450742,0.431893,0.431893,0.414285,0.330657,0.00711109,0.011088,0.0190172,-0.0188494
0.285,10.5,853.642,-0.00064858,-0.000646496,-0.000644087,1.44399e-05,1.83446e-06,2.90054e-06,0.440276,0.448351,0.430979,0.430979,0.429088,0.0560417,0.00711959,0.011188,0.0195398,-0.0173722
0.285,11.5,3.0523,-0.000711826,-0.000619097,-0.000707095,0.000241485,2.01335e-06,3.18338e-06,0.141402,0.446835,0.430168,0.430168,0.13166,0.854068,0.00712069,0.00974231,0.0197683,-0.0166669
0.295,10.5,923.171,-0.000644971,-0.000649668,-0.000640753,1.38855e-05,1.82425e-06,2.8844e-06,0.457043,0.438803,0.422549,0.422549,0.445824,0.0537027,0.00705536,0.0112191,0.0192739,-0.0162535
0.295,11.5,124.489,-0.000708624,-0.000658991,-0.000704247,3.78126e-05,2.00429e-06,3.16906e-06,0.268925,0.437121,0.421757,0.421757,0.258617,0.133189,0.00705979,0.0103073,0.0196026,-0.0153644
0.305,10.5,588.583,-0.000641291,-0.000647021,-0.000637321,1.739e-05,1.81385e-06,2.86794e-06,0.451818,0.429621,0.414368,0.414368,0.440678,0.0670408,0.00699263,0.0111395,0.0189915,-0.015253
0.305,11.5,570.201,-0.000705226,-0.000723997,-0.000701153,1.76681e-05,1.99468e-06,3.15387e-06,0.494709,0.427841,0.413593,0.413593,0.483333,0.0620035,0.00700004,0.011376,0.0194031,-0.0142473
0.315,10.5,104.037,-0.00063757,-0.000563052,-0.000633824,4.13627e-05,1.80332e-06,2.8513e-06,0.15174,0.420727,0.406376,0.406376,0.142096,0.15898,0.00693117,0.00964361,0.0186986,-0.0143508
0.315,11.5,1171.18,-0.000701677,-0.000693058,-0.000697869,1.2328e-05,1.98464e-06,3.138e-06,0.388956,0.418899,0.405619,0.405619,0.378156,0.0431168,0.00694123,0.0108002,0.0191782,-0.0132798
0.315,12.5,22.7659,-0.000764507,-0.000684605,-0.000760539,8.8422e-05,2.16235e-06,3.41898e-06,0.175122,0.417645,0.404939,0.404939,0.165337,0.283975,0.00694458,0.00978483,0.0194222,-0.0127058
0.325,11.5,1126.06,-0.000698031,-0.000670464,-0.000694458,1.25725e-05,1.97433e-06,3.12169e-06,0.316216,0.410278,0.397856,0.397856,0.305816,0.0438345,0.00688356,0.0103994,0.0189351,-0.012422
0.325,12.5,241.242,-0.000761196,-0.00073533,-0.000757518,2.71629e-05,2.15299e-06,3.40417e-06,0.327684,0.408932,0.397191,0.397191,0.317213,0.0869233,0.00688972,0.0104704,0.0192572,-0.0117407
0.335,11.5,735.277,-0.000694316,-0.000681914,-0.000690953,1.55588e-05,1.96382e-06,3.10508e-06,0.359217,0.401913,0.390254,0.390254,0.348657,0.0540874,0.00682685,0.0105602,0.0186791,-0.0116591
0.335,12.5,638.085,-0.000757714,-0.000741165,-0.000754285,1.67018e-05,2.14314e-06,3.3886e-06,0.348356,0.400514,0.389604,0.389604,0.337828,0.0532703,0.00683553,0.0105277,0.0190666,-0.0109106
0.345,11.5,236.534,-0.000690569,-0.000669484,-0.000687398,2.74319e-05,1.95322e-06,3.08832e-06,0.321893,0.393792,0.382828,0.382828,0.311559,0.0950984,0.00677125,0.010334,0.018415,-0.0109644
0.345,12.5,1092.4,-0.000754108,-0.000756285,-0.0007509,1.27648e-05,2.13294e-06,3.37247e-06,0.399301,0.39237,0.382191,0.382191,0.38857,0.0405882,0.00678214,0.0107311,0.0188569,-0.0101794
0.345,13.5,75.7935,-0.000816522,-0.000771788,-0.000813207,4.84604e-05,2.30947e-06,3.6516e-06,0.263693,0.391338,0.381616,0.381616,0.253601,0.142415,0.00678704,0.0100925,0.0191064,-0.00972222
0.355,12.5,1024.69,-0.000750412,-0.000766661,-0.000747399,1.31797e-05,2.12249e-06,3.35595e-06,0.436582,0.384454,0.374922,0.374922,0.425714,0.0417872,0.0067295,0.0108681,0.0186328,-0.00953279
0.355,13.5,308.675,-0.000813106,-0.000775358,-0.000810023,2.40133e-05,2.29981e-06,3.63632e-06,0.275516,0.38337,0.374358,0.374358,0.265406,0.0703416,0.00673678,0.0101101,0.0189446,-0.00901169
0.365,12.5,758.956,-0.000746656,-0.000759729,-0.000743818,1.53142e-05,2.11186e-06,3.33915e-06,0.41847,0.376738,0.367784,0.367784,0.407735,0.0484229,0.00667761,0.0107344,0.0183986,-0.00895335
0.365,13.5,669.661,-0.000809542,-0.00082179,-0.000806662,1.63033e-05,2.28973e-06,3.62038e-06,0.411691,0.375625,0.367233,0.367233,0.400969,0.0476128,0.00668701,0.010722,0.0187632,-0.00839291
0.375,12.5,380.115,-0.00074287,-0.000741475,-0.000740194,2.16394e-05,2.10115e-06,3.32221e-06,0.364825,0.369218,0.360795,0.360795,0.354393,0.0682462,0.0066266,0.0104315,0.018158,-0.0084222
0.375,13.5,829.597,-0.000805872,-0.000798036,-0.000803174,1.46477e-05,2.27935e-06,3.60397e-06,0.345395,0.368096,0.360254,0.360254,0.335033,0.0426567,0.00663787,0.0103618,0.0185668,-0.00784158
0.375,14.5,111.411,-0.000867872,-0.000838456,-0.000865103,3.99704e-05,2.45471e-06,3.88124e-06,0.289052,0.367242,0.359761,0.359761,0.278944,0.108182,0.00664382,0.0101081,0.0188159,-0.00748145
0.385,12.5,66.1456,-0.000739065,-0.000688315,-0.000736536,5.18743e-05,2.09039e-06,3.3052e-06,0.207824,0.361847,0.353904,0.353904,0.19817,0.163195,0.00657631,0.00965449,0.0179133,-0.00794297
0.385,13.5,942.382,-0.000802117,-0.000785834,-0.00079958,1.37433e-05,2.26873e-06,3.58718e-06,0.313944,0.36073,0.353373,0.353373,0.303772,0.0399154,0.00658922,0.0101721,0.0183589,-0.00735674
0.385,14.5,341.817,-0.00086435,-0.000857697,-0.000861767,2.28195e-05,2.44475e-06,3.86549e-06,0.341968,0.359848,0.35289,0.35289,0.331647,0.0615787,0.00659719,0.0103211,0.0186586,-0.00695806
0.395,13.5,755.485,-0.000798311,-0.000791034,-0.000795922,1.53493e-05,2.25797e-06,3.57016e-06,0.332553,0.353534,0.346622,0.346622,0.322334,0.0444663,0.00654122,0.010219,0.0181431,-0.00691199
0.395,14.5,573.483,-0.000860704,-0.000857348,-0.000858289,1.76174e-05,2.43444e-06,3.84919e-06,0.343626,0.352638,0.346148,0.346148,0.333335,0.0474079,0.00655099,0.0102907,0.018486,-0.00649041
0.395,15.5,3.9127,-0.000922026,-0.00124654,-0.000919538,0.000213287,2.60788e-06,4.12342e-06,1.35591,0.351956,0.345711,0.345711,1.34026,0.536162,0.00655571,0.0156537,0.018683,-0.00624437
0.405,13.5,456.145,-0.000794471,-0.000790139,-0.000792215,1.97538e-05,2.2471e-06,3.55298e-06,0.333994,0.346477,0.339966,0.339966,0.323809,0.0570858,0.00649382,0.0101847,0.0179217,-0.00651066
0.405,14.5,695.043,-0.000856959,-0.000877773,-0.000854691,1.60028e-05,2.42385e-06,3.83244e-06,0.402168,0.34558,0.339502,0.339502,0.391638,0.0429488,0.00650518,0.01053,0.0183013,-0.00607827
0.405,15.5,104.978,-0.000918546,-0.000905756,-0.00091623,4.1177e-05,2.59804e-06,4.10786e-06,0.313047,0.344871,0.339074,0.339074,0.302925,0.103207,0.00651182,0.010122,0.0185465,-0.00579642
0.415,13.5,187.291,-0.000790613,-0.000826085,-0.000788479,3.0828e-05,2.23619e-06,3.53573e-06,0.44428,0.339543,0.333399,0.333399,0.433614,0.0888779,0.006447,0.0106659,0.0176969,-0.0061446
0.415,14.5,716.157,-0.000853138,-0.000842918,-0.000851002,1.57652e-05,2.41304e-06,3.81535e-06,0.311466,0.338654,0.332943,0.332943,0.301404,0.0422037,0.00645976,0.0100626,0.0181074,-0.00571079
0.415,15.5,307.852,-0.000914921,-0.000927027,-0.000912755,2.40454e-05,2.58779e-06,4.09165e-06,0.368403,0.33793,0.332524,0.332524,0.358056,0.060101,0.00646813,0.0103466,0.0183943,-0.0054057
0.425,13.5,5.7779,-0.000786758,-0.00082706,-0.00078474,0.000175516,2.22529e-06,3.51849e-06,0.451854,0.332741,0.326945,0.326945,0.441195,0.504862,0.0064009,0.0106592,0.0174707,-0.00579615
0.425,14.5,688.019,-0.000849271,-0.000844436,-0.000847258,1.60843e-05,2.4021e-06,3.79805e-06,0.318993,0.331866,0.326498,0.326498,0.308934,0.0429536,0.00641487,0.0100591,0.0179069,-0.00536825
0.425,15.5,481.079,-0.000911186,-0.000910991,-0.000909158,1.92351e-05,2.57722e-06,4.07495e-06,0.330651,0.331137,0.326087,0.326087,0.320518,0.0479514,0.00642478,0.0101324,0.0182299,-0.0050501
0.425,16.5,6.8193,-0.000972138,-0.000876235,-0.00097006,0.00016156,2.74962e-06,4.34753e-06,0.117326,0.330559,0.325706,0.325706,0.108156,0.37782,0.00643021,0.00917,0.018429,-0.0048527
0.435,14.5,472.811,-0.000845369,-0.000834106,-0.000843467,1.94026e-05,2.39107e-06,3.78061e-06,0.295387,0.325188,0.320126,0.320126,0.285476,0.0516936,0.00637044,0.0099113,0.0177018,-0.00506249
0.435,15.5,532.979,-0.000907361,-0.000908784,-0.000905453,1.82746e-05,2.5664e-06,4.05784e-06,0.328002,0.324462,0.319723,0.319723,0.317919,0.0454423,0.00638171,0.0100834,0.0180556,-0.00473906
0.435,16.5,106.243,-0.000968537,-0.000965891,-0.000966597,4.0931e-05,2.73944e-06,4.33143e-06,0.317707,0.32387,0.31935,0.31935,0.307658,0.0954574,0.0063888,0.0100494,0.0182948,-0.00451958
0.445,14.5,228.407,-0.00084145,-0.000878415,-0.00083965,2.79157e-05,2.37998e-06,3.76308e-06,0.419161,0.318612,0.313832,0.313832,0.408711,0.0742058,0.00632649,0.0104495,0.0174938,-0.00478007
0.445,15.5,534.726,-0.000903468,-0.000868838,-0.00090167,1.82447e-05,2.55539e-06,4.04043e-06,0.233665,0.317895,0.313437,0.313437,0.224051,0.0452583,0.00633897,0.00961369,0.0178737,-0.00445752
0.445,16.5,237.634,-0.000964809,-0.000987264,-0.000962991,2.73684e-05,2.72889e-06,4.31476e-06,0.370169,0.317296,0.313072,0.313072,0.359909,0.0636602,0.00634754,0.0102595,0.0181479,-0.00422423
0.455,14.5,96.9042,-0.00083753,-0.000922741,-0.000835828,4.2858e-05,2.36889e-06,3.74555e-06,0.550652,0.312142,0.307634,0.307634,0.539615,0.113674,0.00628312,0.011037,0.0172845,-0.0045081
0.455,15.5,501.467,-0.000899532,-0.000914734,-0.000897836,1.884e-05,2.54426e-06,4.02283e-06,0.349394,0.311439,0.307247,0.307247,0.339286,0.0466261,0.00629664,0.0101084,0.0176865,-0.00419132
0.455,16.5,359.514,-0.000960982,-0.000988186,-0.000959277,2.22508e-05,2.71807e-06,4.29764e-06,0.374899,0.31084,0.306889,0.306889,0.364653,0.0516269,0.00630654,0.010246,0.017991,-0.00395095
0.455,17.5,6.0136,-0.00102156,-0.0011898,-0.00101982,0.000172042,2.88941e-06,4.56856e-06,0.712171,0.310351,0.306557,0.306557,0.700272,0.37586,0.00631247,0.0118984,0.0181894,-0.00379428
0.465,14.5,1.1482,-0.000833617,-9.09686e-05,-0.000832005,0.000393726,2.35783e-06,3.72805e-06,-1.04373,0.305763,0.301501,0.301501,-1.04837,1.04205,0.00624028,0.00464387,0.0170749,-0.00426228
0.465,15.5,447.48,-0.000895564,-0.000880272,-0.000893961,1.99442e-05,2.53304e-06,4.00508e-06,0.267644,0.305078,0.301123,0.301123,0.257948,0.0492473,0.00625472,0.00969627,0.0174954,-0.00395457
0.465,16.5,387.147,-0.000957075,-0.000918485,-0.00095547,2.1442e-05,2.70702e-06,4.28017e-06,0.216978,0.304485,0.300772,0.300772,0.207491,0.0496307,0.0062658,0.00948699,0.017826,-0.00371218
0.465,17.5,93.6817,-0.00101784,-0.00106009,-0.00101622,4.35889e-05,2.8789e-06,4.55194e-06,0.398057,0.303989,0.300447,0.300447,0.387724,0.0949807,0.00627315,0.0103327,0.0180581,-0.00354203
0.475,15.5,284.559,-0.000891578,-0.000932936,-0.000890061,2.50102e-05,2.52176e-06,3.98726e-06,0.403173,0.2988,0.295065,0.295065,0.39289,0.0616208,0.00621319,0.0102827,0.0173017,-0.00373484
0.475,16.5,379.948,-0.000953107,-0.000953644,-0.000951592,2.16442e-05,2.69579e-06,4.26242e-06,0.299458,0.298217,0.294722,0.294722,0.289632,0.0499822,0.00622531,0.00982626,0.0176548,-0.00349451
0.475,17.5,192.062,-0.00101401,-0.00103592,-0.00101249,3.04426e-05,2.86806e-06,4.5348e-06,0.345878,0.297721,0.294404,0.294404,0.335823,0.0661695,0.00623396,0.0100556,0.0179165,-0.00331639
0.485,15.5,165.053,-0.000887587,-0.000899847,-0.000886155,3.28391e-05,2.51048e-06,3.96941e-06,0.322963,0.292608,0.289089,0.289089,0.313088,0.0807364,0.00617212,0.00987488,0.0171068,-0.00351927
0.485,16.5,388.081,-0.000949095,-0.000953159,-0.000947669,2.14162e-05,2.68445e-06,4.24448e-06,0.30142,0.292037,0.288753,0.288753,0.29162,0.0493443,0.00618515,0.00980001,0.017479,-0.00328435
0.485,17.5,262.668,-0.00101009,-0.0010127,-0.00100866,2.60315e-05,2.85697e-06,4.51727e-06,0.2972,0.291544,0.288441,0.288441,0.287402,0.0564458,0.00619495,0.00979852,0.0177666,-0.00310281
0.485,18.5,5.942,-0.00107029,-0.00131499,-0.00106884,0.000173076,3.02725e-06,4.7865e-06,0.85867,0.291131,0.288152,0.288152,0.846132,0.35454,0.00620122,0.0125376,0.0179624,-0.00297964
0.495,15.5,71.59,-0.000883607,-0.000882405,-0.000882251,4.98628e-05,2.49922e-06,3.95161e-06,0.28356,0.286507,0.283183,0.283183,0.2739,0.122333,0.00613157,0.00965971,0.0169117,-0.0033241
0.495,16.5,327.864,-0.00094506,-0.000916993,-0.000943712,2.33e-05,2.67303e-06,4.22644e-06,0.22238,0.285951,0.282855,0.282855,0.21297,0.0535677,0.00614541,0.00940962,0.0173001,-0.00309671
0.495,17.5,301.113,-0.0010061,-0.00101616,-0.00100476,2.4313e-05,2.84569e-06,4.49944e-06,0.30732,0.285465,0.28255,0.28255,0.297509,0.0525975,0.00615624,0.009811,0.0176101,-0.00291506
0.495,18.5,71.7148,-0.00106647,-0.00106655,-0.00106511,4.98194e-05,3.01643e-06,4.7694e-06,0.285214,0.285051,0.282267,0.282267,0.27549,0.101801,0.00616375,0.00972437,0.0178346,-0.0027839
0.505,16.5,271.681,-0.000941008,-0.000933827,-0.000939733,2.55961e-05,2.66157e-06,4.20832e-06,0.263529,0.27994,0.277016,0.277016,0.25397,0.058721,0.00610602,0.00955909,0.017119,-0.00292412
0.505,17.5,265.329,-0.00100206,-0.000994716,-0.00100079,2.59006e-05,2.83426e-06,4.48136e-06,0.263664,0.279464,0.276718,0.276718,0.254084,0.0559066,0.00611776,0.00958017,0.0174484,-0.00274504
0.505,18.5,133.993,-0.00106254,-0.00100474,-0.00106126,3.64469e-05,3.00532e-06,4.75184e-06,0.164384,0.279051,0.276442,0.276442,0.155229,0.0742976,0.0061264,0.00915432,0.0176982,-0.00260952
0.515,16.5,178.685,-0.000936946,-0.000932487,-0.000935743,3.15616e-05,2.65008e-06,4.19015e-06,0.263806,0.273991,0.271239,0.271239,0.25428,0.0722554,0.00606696,0.00952571,0.0169366,-0.0027524
0.515,17.5,249.646,-0.000997976,-0.0010156,-0.000996778,2.67018e-05,2.8227e-06,4.46308e-06,0.311829,0.273526,0.270948,0.270948,0.302065,0.0575101,0.00607951,0.00976347,0.0172827,-0.00257821
0.515,18.5,200.244,-0.00105853,-0.00110475,-0.00105733,2.98142e-05,2.99397e-06,4.73389e-06,0.369246,0.273119,0.270677,0.270677,0.359203,0.0606362,0.00608915,0.0100427,0.0175548,-0.00244147
0.515,19.5,4.0675,-0.00111836,-0.000933953,-0.00111714,0.000209189,3.16319e-06,5.00144e-06,-0.0552998,0.27277,0.270424,0.270424,-0.0634975,0.403119,0.00609563,0.00819774,0.0177467,-0.00234554
0.525,16.5,102.058,-0.000932938,-0.000916144,-0.000931802,4.17619e-05,2.63875e-06,4.17223e-06,0.230199,0.268228,0.265632,0.265632,0.220856,0.0954166,0.00602896,0.00934283,0.0167551,-0.00259606
0.525,17.5,243.396,-0.000993916,-0.000993483,-0.000992786,2.70425e-05,2.81122e-06,4.44493e-06,0.266845,0.267776,0.265348,0.265348,0.257317,0.0581229,0.00604221,0.00952808,0.0171154,-0.00242797
0.525,18.5,196.054,-0.00105451,-0.00109889,-0.00105338,3.01311e-05,2.9826e-06,4.71591e-06,0.359379,0.267376,0.265084,0.265084,0.349414,0.0611467,0.00605275,0.00996452,0.017407,-0.00229207
0.525,19.5,48.3081,-0.00111448,-0.00126466,-0.00111333,6.07006e-05,3.15221e-06,4.98409e-06,0.576724,0.267028,0.264837,0.264837,0.565726,0.116701,0.00606033,0.0109971,0.0176236,-0.00219153
0.535,16.5,46.0973,-0.000928956,-0.000852893,-0.000927879,6.21391e-05,2.62748e-06,4.15442e-06,0.0958964,0.262563,0.260107,0.260107,0.0871679,0.141698,0.00599154,0.00872848,0.0165742,-0.00245563
0.535,17.5,208.788,-0.000989856,-0.000981403,-0.000988786,2.91978e-05,2.79974e-06,4.42677e-06,0.244069,0.262125,0.259831,0.259831,0.234675,0.0626291,0.00600542,0.00939427,0.0169466,-0.00229454
0.535,18.5,191.145,-0.00105046,-0.00105416,-0.00104939,3.05156e-05,2.97114e-06,4.69778e-06,0.269243,0.261734,0.259573,0.259573,0.259717,0.0617962,0.00601676,0.00952559,0.0172551,-0.00216108
0.535,19.5,97.2785,-0.00111052,-0.00108359,-0.00110945,4.27754e-05,3.14103e-06,4.96641e-06,0.210346,0.261391,0.259333,0.259333,0.201067,0.0820545,0.00602532,0.00927951,0.0174936,-0.00205824
0.545,16.5,1.4296,-0.000924901,-0.000675904,-0.000923886,0.000352855,2.61602e-06,4.13628e-06,-0.243329,0.256755,0.254445,0.254445,-0.250646,0.803007,0.00595338,0.00731705,0.0163922,-0.0023099
0.545,17.5,187.883,-0.000985694,-0.000980038,-0.000984686,3.07793e-05,2.78797e-06,4.40816e-06,0.24426,0.256333,0.254176,0.254176,0.234898,0.0658849,0.0059678,0.00936177,0.0167747,-0.00215722
0.545,18.5,179.408,-0.00104626,-0.00107802,-0.00104526,3.14979e-05,2.95928e-06,4.67904e-06,0.321105,0.255953,0.253925,0.253925,0.31138,0.0636483,0.00597986,0.00972475,0.0170978,-0.00202813
0.545,19.5,140.78,-0.00110639,-0.00110809,-0.00110538,3.55576e-05,3.12934e-06,4.94792e-06,0.258865,0.255616,0.253691,0.253691,0.249402,0.0680544,0.00598931,0.00946332,0.0173556,-0.00192538
0.545,20.5,3.0551,-0.00116584,-0.0013171,-0.00116483,0.000241374,3.29751e-06,5.21382e-06,0.549348,0.255323,0.253472,0.253472,0.538538,0.438895,0.00599593,0.01081,0.0175431,-0.00185124
0.555,17.5,131.99,-0.000981474,-0.000961744,-0.000980531,3.67225e-05,2.77603e-06,4.38929e-06,0.208741,0.250472,0.248458,0.248458,0.199569,0.0784422,0.00592981,0.00917262,0.0166011,-0.00201418
0.555,18.5,156.682,-0.00104198,-0.00103931,-0.00104105,3.3705e-05,2.94717e-06,4.65989e-06,0.244727,0.250105,0.248214,0.248214,0.235376,0.0679606,0.0059425,0.00935151,0.0169369,-0.00189097
0.555,19.5,129.713,-0.00110213,-0.00109389,-0.00110119,3.70435e-05,3.11729e-06,4.92887e-06,0.234096,0.249776,0.247985,0.247985,0.224774,0.0707378,0.00595275,0.00932222,0.0172116,-0.00179027
0.555,20.5,30.2921,-0.0011617,-0.00123822,-0.00116075,7.66546e-05,3.28577e-06,5.19526e-06,0.392988,0.249485,0.247771,0.247771,0.38294,0.13905,0.00596032,0.0100483,0.0174204,-0.0017142
0.565,17.5,79.0655,-0.000977408,-0.000991754,-0.000976518,4.74471e-05,2.76453e-06,4.3711e-06,0.275787,0.24498,0.243085,0.243085,0.266353,0.101156,0.00589392,0.009434,0.0164309,-0.00189526
0.565,18.5,158.734,-0.00103784,-0.00107007,-0.00103696,3.34864e-05,2.93546e-06,4.64137e-06,0.31048,0.244625,0.242847,0.242847,0.300869,0.0673863,0.00590717,0.00961065,0.0167774,-0.00177784
0.565,19.5,126.878,-0.00109799,-0.00107041,-0.0010971,3.7455e-05,3.10558e-06,4.91035e-06,0.192392,0.244305,0.242625,0.242625,0.183282,0.071376,0.00591813,0.00911004,0.0170671,-0.00167975
0.565,20.5,67.3493,-0.00115764,-0.00120203,-0.00115675,5.14087e-05,3.27429e-06,5.17711e-06,0.32593,0.24402,0.242417,0.242417,0.316216,0.0930514,0.00592657,0.00971408,0.0172949,-0.00160295
0.575,17.5,34.6633,-0.000973327,-0.000953411,-0.000972491,7.16585e-05,2.75298e-06,4.35285e-06,0.197521,0.23948,0.237704,0.237704,0.188461,0.152481,0.00585804,0.00906034,0.0162608,-0.00177673
0.575,18.5,132.501,-0.00103366,-0.00102461,-0.00103283,3.66517e-05,2.92363e-06,4.62267e-06,0.22103,0.239138,0.237472,0.237472,0.211845,0.0736105,0.00587178,0.00918492,0.0166164,-0.00166582
0.575,19.5,122.359,-0.00109378,-0.00110251,-0.00109295,3.81404e-05,3.09367e-06,4.89152e-06,0.255509,0.238828,0.237257,0.237257,0.246154,0.0725333,0.00588337,0.00935517,0.0169191,-0.00157143
0.575,20.5,89.8224,-0.00115348,-0.00117277,-0.00115265,4.45154e-05,3.26252e-06,5.1585e-06,0.273691,0.238549,0.237054,0.237054,0.26424,0.0804016,0.0058926,0.00945121,0.0171638,-0.00149536
0.575,21.5,0.474,-0.00121255,-0.001015,-0.00121172,0.000612793,3.42962e-06,5.42271e-06,-0.0762873,0.238303,0.236864,0.236864,-0.0842653,1.05406,0.00589928,0.00797803,0.0173462,-0.00143913
0.585,17.5,4.2445,-0.000969273,-0.00114814,-0.00096849,0.000204781,2.74152e-06,4.33472e-06,0.651373,0.234051,0.232388,0.232388,0.640289,0.434928,0.00582263,0.0110842,0.016092,-0.00166309
0.585,18.5,127.224,-0.00102949,-0.00106109,-0.00102871,3.74041e-05,2.91184e-06,4.60402e-06,0.298022,0.233723,0.232164,0.232164,0.288532,0.0749766,0.00583679,0.00949022,0.0164552,-0.00155898
0.585,19.5,108.519,-0.00108955,-0.00110713,-0.00108878,4.04996e-05,3.08172e-06,4.87263e-06,0.267052,0.233423,0.231954,0.231954,0.257677,0.0768662,0.00584895,0.00937486,0.0167691,-0.00146897
0.585,20.5,95.5886,-0.00114927,-0.00120129,-0.0011485,4.31519e-05,3.25063e-06,5.13969e-06,0.329028,0.233152,0.231757,0.231757,0.319361,0.0777764,0.00585889,0.00966646,0.0170288,-0.00139468
0.585,21.5,18.5965,-0.00120845,-0.00103825,-0.00120767,9.78334e-05,3.41801e-06,5.40435e-06,-0.0403483,0.23291,0.231572,0.231572,-0.0484484,0.167914,0.00586642,0.00810008,0.0172298,-0.00133752
0.595,18.5,90.0726,-0.00102533,-0.00100912,-0.00102461,4.44536e-05,2.90008e-06,4.58544e-06,0.196183,0.228375,0.226919,0.226919,0.187167,0.0889384,0.00580221,0.00901552,0.0162943,-0.00145633
0.595,19.5,99.1598,-0.00108532,-0.00112873,-0.0010846,4.23677e-05,3.06975e-06,4.85371e-06,0.311946,0.228086,0.226715,0.226715,0.302404,0.0802548,0.00581486,0.00954127,0.0166179,-0.00137116
0.595,20.5,82.7687,-0.00114503,-0.00117844,-0.00114431,4.63735e-05,3.23864e-06,5.12074e-06,0.288774,0.227824,0.226525,0.226525,0.279316,0.0834134,0.00582544,0.00945741,0.0168907,-0.00129946
0.595,21.5,41.6516,-0.00120428,-0.00122686,-0.00120355,6.53713e-05,3.40622e-06,5.3857e-06,0.26662,0.227588,0.226345,0.226345,0.257246,0.11196,0.00583374,0.00937443,0.0171085,-0.00124253
0.605,18.5,53.6306,-0.0010212,-0.000954721,-0.00102052,5.76098e-05,2.88839e-06,4.56695e-06,0.094384,0.223095,0.221737,0.221737,0.0858293,0.115045,0.00576805,0.00855472,0.0161341,-0.0013576
0.605,19.5,94.645,-0.00108109,-0.00120208,-0.00108042,4.33665e-05,3.05779e-06,4.8348e-06,0.464658,0.222818,0.22154,0.22154,0.454463,0.0819898,0.00578114,0.0101944,0.016466,-0.0012776
0.605,20.5,83.1414,-0.00114077,-0.0010764,-0.0011401,4.62694e-05,3.22659e-06,5.10169e-06,0.110088,0.222565,0.221356,0.221356,0.101429,0.0830616,0.00579229,0.00865873,0.0167504,-0.0012091
0.605,21.5,58.4968,-0.00120006,-0.00117624,-0.00119939,5.51616e-05,3.39428e-06,5.36683e-06,0.182008,0.222335,0.221182,0.221182,0.173029,0.0942787,0.00580129,0.00897895,0.0169831,-0.00115328
0.615,18.5,32.9798,-0.0010171,-0.000898393,-0.00101646,7.34647e-05,2.87678e-06,4.54859e-06,-0.00615778,0.217886,0.216623,0.216623,-0.0142704,0.146439,0.00573435,0.00811266,0.0159751,-0.00126286
0.615,19.5,91.1384,-0.00107688,-0.00107953,-0.00107625,4.41929e-05,3.04587e-06,4.81594e-06,0.222637,0.217621,0.216433,0.216433,0.213547,0.0833959,0.00574783,0.00909013,0.016314,-0.00118819
0.615,20.5,85.0472,-0.00113651,-0.00108524,-0.00113588,4.57481e-05,3.21452e-06,5.08261e-06,0.12748,0.217377,0.216254,0.216254,0.118776,0.0819672,0.00575948,0.00870405,0.0166085,-0.00112331
0.615,21.5,63.5744,-0.00119581,-0.00112229,-0.00119518,5.29129e-05,3.38225e-06,5.34781e-06,0.0953774,0.217155,0.216086,0.216086,0.0867929,0.0902538,0.00576912,0.00858453,0.0168544,-0.00106929
0.615,22.5,9.3422,-0.0012546,-0.00126202,-0.00125397,0.000138032,3.54855e-06,5.61076e-06,0.229054,0.216954,0.215927,0.215927,0.219887,0.224697,0.00577657,0.00916614,0.017048,-0.00102706
0.625,18.5,8.8547,-0.00101303,-0.00129671,-0.00101244,0.00014178,2.86528e-06,4.5304e-06,0.864539,0.212755,0.211583,0.211583,0.852549,0.282106,0.00570115,0.0119898,0.0158177,-0.00117209
0.625,19.5,77.3952,-0.00107268,-0.00111746,-0.0010721,4.79563e-05,3.03401e-06,4.79719e-06,0.298572,0.212501,0.211398,0.211398,0.289183,0.0903322,0.00571496,0.00938863,0.0161623,-0.0011028
0.625,20.5,60.759,-0.00113224,-0.00110612,-0.00113166,5.4125e-05,3.20246e-06,5.06353e-06,0.16606,0.212268,0.211226,0.211226,0.157221,0.0967936,0.00572707,0.00883892,0.0164656,-0.00104182
0.625,21.5,60.0842,-0.00119153,-0.00125575,-0.00119095,5.44281e-05,3.37016e-06,5.32869e-06,0.324296,0.212053,0.211063,0.211063,0.314756,0.092657,0.00573727,0.00954024,0.0167233,-0.000990123
0.625,22.5,27.2363,-0.00125039,-0.00140387,-0.0012498,8.08405e-05,3.53663e-06,5.5919e-06,0.476888,0.211858,0.210909,0.210909,0.466648,0.131329,0.00574541,0.01024,0.0169316,-0.000948547
0.635,19.5,57.1833,-0.00106851,-0.00118872,-0.00106797,5.57915e-05,3.02221e-06,4.77854e-06,0.446296,0.207449,0.206428,0.206428,0.436285,0.104902,0.00568251,0.0100113,0.0160114,-0.00102044
0.635,20.5,63.3897,-0.00112798,-0.0010843,-0.00112744,5.299e-05,3.19041e-06,5.04448e-06,0.130673,0.207225,0.206261,0.206261,0.122012,0.0945893,0.00569501,0.0086617,0.0163222,-0.000963551
0.635,21.5,55.1735,-0.00118724,-0.00116071,-0.0011867,5.67986e-05,3.35802e-06,5.3095e-06,0.162414,0.207019,0.206104,0.206104,0.153601,0.0965085,0.00570573,0.00881257,0.0165902,-0.000914566
0.635,22.5,35.4478,-0.00124613,-0.00117058,-0.00124559,7.08612e-05,3.52458e-06,5.57285e-06,0.0878152,0.20683,0.205956,0.205956,0.0793015,0.114889,0.0057145,0.00851364,0.0168118,-0.000874244
0.645,19.5,46.1908,-0.00106437,-0.000956618,-0.00106387,6.20762e-05,3.0105e-06,4.76002e-06,0.00950441,0.202468,0.201527,0.201527,0.00138826,0.116513,0.00565051,0.00811615,0.0158615,-0.000941284
0.645,20.5,55.3747,-0.00112374,-0.00105594,-0.00112324,5.66953e-05,3.17841e-06,5.0255e-06,0.0848237,0.202254,0.201366,0.201366,0.0763801,0.101021,0.00566336,0.0084436,0.0161787,-0.000888569
0.645,21.5,48.0477,-0.00118294,-0.00117772,-0.00118245,6.08649e-05,3.34587e-06,5.29029e-06,0.193208,0.202057,0.201214,0.201214,0.184292,0.103226,0.00567454,0.00891549,0.0164558,-0.000842562
0.645,22.5,43.8605,-0.00124184,-0.00121436,-0.00124134,6.37039e-05,3.51246e-06,5.55368e-06,0.157865,0.201875,0.201071,0.201071,0.149083,0.103086,0.00568387,0.00878113,0.0166892,-0.000803947
0.645,23.5,4.5197,-0.00130027,-0.00143053,-0.00129977,0.000198449,3.67771e-06,5.81497e-06,0.413446,0.201709,0.200936,0.200936,0.40354,0.307097,0.00569122,0.00990612,0.0168757,-0.000773308
0.655,19.5,28.3395,-0.00106028,-0.00101137,-0.00105981,7.92514e-05,2.99891e-06,4.7417e-06,0.107898,0.197572,0.196707,0.196707,0.099407,0.148493,0.00561904,0.00849134,0.015713,-0.00086583
0.655,20.5,55.0836,-0.00111952,-0.00109406,-0.00111906,5.68449e-05,3.16648e-06,5.00665e-06,0.152562,0.197369,0.196552,0.196552,0.143864,0.10111,0.0056322,0.00869792,0.0160356,-0.000817272
0.655,21.5,42.3105,-0.00117866,-0.00121769,-0.0011782,6.48603e-05,3.33376e-06,5.27113e-06,0.264309,0.19718,0.196406,0.196406,0.255117,0.109803,0.00564378,0.00919148,0.0163207,-0.000774391
0.655,22.5,40.1602,-0.00123755,-0.0012002,-0.00123709,6.65741e-05,3.50031e-06,5.53447e-06,0.13754,0.197006,0.196268,0.196268,0.12887,0.107529,0.00565363,0.00866945,0.0165646,-0.000737798
0.655,23.5,12.9218,-0.00129602,-0.0012113,-0.00129556,0.000117366,3.6657e-06,5.79599e-06,0.0699492,0.196846,0.196138,0.196138,0.0615479,0.181269,0.0056616,0.00840125,0.0167642,-0.000708021
0.665,19.5,15.8589,-0.00105622,-0.00126074,-0.00105579,0.000105942,2.98744e-06,4.72355e-06,0.613718,0.192752,0.191959,0.191959,0.603044,0.198166,0.00558806,0.010674,0.0155661,-0.000793286
0.665,20.5,43.9042,-0.00111533,-0.0011854,-0.00111491,6.36722e-05,3.15464e-06,4.98793e-06,0.320767,0.192559,0.19181,0.19181,0.311381,0.113058,0.00560148,0.00938625,0.0158933,-0.000748829
0.665,21.5,39.9363,-0.00117439,-0.0011984,-0.00117397,6.67604e-05,3.32168e-06,5.25204e-06,0.233343,0.192379,0.19167,0.19167,0.224312,0.112821,0.00561343,0.0090306,0.0161852,-0.000709163
0.665,22.5,33.3105,-0.00123325,-0.00113336,-0.00123283,7.30992e-05,3.48814e-06,5.51524e-06,0.0371329,0.192212,0.191538,0.191538,0.0289035,0.117854,0.00562374,0.00822941,0.0164385,-0.000674827
0.665,23.5,22.1957,-0.00129175,-0.00135895,-0.00129133,8.95506e-05,3.65362e-06,5.77688e-06,0.298287,0.192059,0.191412,0.191412,0.288945,0.138048,0.00563228,0.00934212,0.0166499,-0.000646293
0.675,19.5,2.0426,-0.0010522,-0.000929288,-0.00105182,0.000295197,2.97608e-06,4.7056e-06,-0.0296051,0.188003,0.18728,0.18728,-0.0374873,0.551251,0.00555755,0.00788213,0.015421,-0.000723523
0.675,20.5,36.183,-0.00111118,-0.00111492,-0.0011108,7.01376e-05,3.14289e-06,4.96935e-06,0.194453,0.18782,0.187137,0.187137,0.185635,0.124328,0.00557121,0.0088182,0.0157518,-0.000683074
0.675,21.5,37.2277,-0.00117014,-0.00117875,-0.00116976,6.91464e-05,3.30965e-06,5.23302e-06,0.202221,0.187649,0.187003,0.187003,0.19335,0.116652,0.00558348,0.00887103,0.0160497,-0.000646652
0.675,22.5,32.611,-0.00122894,-0.00111195,-0.00122856,7.3879e-05,3.47598e-06,5.49601e-06,0.00729889,0.18749,0.186876,0.186876,-0.000785125,0.1189,0.00559421,0.00808402,0.0163113,-0.000614731
0.675,23.5,27.4313,-0.00128745,-0.00138877,-0.00128707,8.05526e-05,3.64147e-06,5.75767e-06,0.349266,0.187343,0.186756,0.186756,0.339729,0.123949,0.00560325,0.009537,0.0165333,-0.00058773
0.675,24.5,1.7187,-0.00134552,-0.00110594,-0.00134514,0.000321812,3.80571e-06,6.01736e-06,-0.138513,0.187208,0.186642,0.186642,-0.146043,0.474425,0.00561049,0.00752979,0.0167129,-0.000566014
0.685,20.5,28.9424,-0.00110707,-0.00105885,-0.00110672,7.84216e-05,3.13128e-06,4.95099e-06,0.0995374,0.183174,0.182553,0.182553,0.0911396,0.138784,0.00554149,0.00839777,0.0156118,-0.000620834
0.685,21.5,32.5987,-0.00116592,-0.00123592,-0.00116557,7.38929e-05,3.29773e-06,5.21417e-06,0.304323,0.183012,0.182424,0.182424,0.295045,0.124451,0.00555404,0.00927841,0.0159148,-0.000587602
0.685,22.5,29.4813,-0.00122467,-0.0012024,-0.00122432,7.77015e-05,3.46388e-06,5.47687e-06,0.147386,0.18286,0.182302,0.182302,0.138754,0.124837,0.00556514,0.00863264,0.0161835,-0.000558157
0.685,23.5,22.4821,-0.00128316,-0.00130655,-0.00128282,8.89784e-05,3.62933e-06,5.73848e-06,0.218955,0.18272,0.182187,0.182187,0.210006,0.136671,0.00557466,0.00894866,0.016415,-0.000532869
0.685,24.5,7.5664,-0.00134127,-0.00134745,-0.00134093,0.000153376,3.7937e-06,5.99836e-06,0.191699,0.182591,0.182079,0.182079,0.182852,0.225694,0.00558245,0.0088464,0.0166064,-0.000512066
0.695,20.5,17.2136,-0.00110301,-0.00114686,-0.0011027,0.000101687,3.11979e-06,4.93283e-06,0.257546,0.17861,0.178049,0.178049,0.248517,0.179669,0.00551229,0.0090289,0.0154733,-0.00056133
0.695,21.5,25.7646,-0.00116174,-0.00112714,-0.00116143,8.31173e-05,3.28591e-06,5.19548e-06,0.121064,0.178457,0.177926,0.177926,0.112583,0.139758,0.00552509,0.00848011,0.0157805,-0.000531215
0.695,22.5,24.9974,-0.00122041,-0.00125778,-0.00122009,8.43831e-05,3.45184e-06,5.45783e-06,0.23913,0.178314,0.17781,0.17781,0.230138,0.135345,0.00553653,0.00899159,0.0160556,-0.000504274
0.695,23.5,20.9091,-0.00127888,-0.00130374,-0.00127856,9.22646e-05,3.61721e-06,5.71931e-06,0.216653,0.178181,0.1777,0.1777,0.20774,0.141474,0.00554646,0.00891309,0.0162955,-0.000480831
0.695,24.5,11.6761,-0.00133701,-0.00133959,-0.0013367,0.000123468,3.78164e-06,5.97929e-06,0.181846,0.178057,0.177596,0.177596,0.173065,0.181359,0.00555476,0.00878031,0.0164975,-0.000461174
0.705,20.5,14.3651,-0.001099,-0.00110831,-0.00109871,0.000111314,3.10844e-06,4.91487e-06,0.190616,0.174121,0.173617,0.173617,0.181895,0.196367,0.00548357,0.00872075,0.0153363,-0.000504392
0.705,21.5,27.9128,-0.0011576,-0.00116326,-0.00115732,7.98548e-05,3.27419e-06,5.17694e-06,0.183509,0.173977,0.1735,0.1735,0.174796,0.134057,0.00549658,0.00871242,0.0156471,-0.000477299
0.705,22.5,25.1654,-0.00121617,-0.0012253,-0.00121589,8.4101e-05,3.43986e-06,5.43889e-06,0.188511,0.173842,0.173389,0.173389,0.179758,0.134673,0.00550832,0.00875241,0.0159277,-0.000452854
0.705,23.5,19.539,-0.0012746,-0.00118556,-0.00127431,9.54447e-05,3.6051e-06,5.70017e-06,0.0417282,0.173715,0.173284,0.173284,0.0335622,0.146105,0.00551863,0.00816604,0.0161752,-0.000431337
0.705,24.5,16.615,-0.00133274,-0.00137443,-0.00133245,0.000103503,3.76955e-06,5.96017e-06,0.235644,0.173598,0.173185,0.173185,0.226661,0.15177,0.0055274,0.00898227,0.0163867,-0.000413002
0.705,25.5,0.334,-0.00139046,-0.00170459,-0.00139018,0.000730012,3.93281e-06,6.21832e-06,0.667932,0.17349,0.173091,0.173091,0.65701,1.02732,0.00553451,0.0109215,0.0165599,-0.000398081
0.715,20.5,3.9693,-0.00109505,-0.001215,-0.0010948,0.000211761,3.09727e-06,4.89722e-06,0.392297,0.169743,0.169291,0.169291,0.382746,0.372994,0.00545552,0.00955049,0.0152014,-0.000451168
0.715,21.5,25.824,-0.00115352,-0.00119446,-0.00115326,8.30216e-05,3.26264e-06,5.15868e-06,0.239384,0.169607,0.16918,0.16918,0.230464,0.139158,0.00546872,0.00891983,0.0155151,-0.000426933
0.715,22.5,19.7517,-0.00121199,-0.00104628,-0.00121174,9.49294e-05,3.42802e-06,5.42018e-06,-0.0796252,0.169479,0.169074,0.169074,-0.0872715,0.151773,0.00548072,0.0076463,0.0158005,-0.000404899
0.715,23.5,19.3474,-0.00127035,-0.00132246,-0.0012701,9.59161e-05,3.5931e-06,5.68119e-06,0.250552,0.16936,0.168975,0.168975,0.241548,0.14659,0.00549137,0.00900496,0.0160546,-0.000385307
0.715,24.5,15.1761,-0.00132848,-0.00119365,-0.00132823,0.000108299,3.75751e-06,5.94115e-06,-0.0192057,0.169249,0.168881,0.168881,-0.0271186,0.158537,0.00550056,0.00791292,0.0162747,-0.000368378
0.715,25.5,3.6628,-0.00138624,-0.00130833,-0.00138599,0.000220443,3.92089e-06,6.19947e-06,0.0624913,0.169146,0.168792,0.168792,0.0542388,0.309685,0.00550818,0.00825251,0.0164585,-0.000354317
0.725,20.5,0.3122,-0.00109116,-0.00168446,-0.00109093,0.000755069,3.08626e-06,4.8798e-06,1.55769,0.165441,0.165041,0.165041,1.54245,1.32798,0.00542797,0.0152364,0.0150685,-0.000400317
0.725,21.5,20.3661,-0.00114948,-0.00137613,-0.00114925,9.34865e-05,3.25121e-06,5.14062e-06,0.582649,0.165314,0.164935,0.164935,0.572259,0.156462,0.00544133,0.0103903,0.0153844,-0.000378809
0.725,22.5,15.9652,-0.00120784,-0.00133773,-0.00120761,0.000105588,3.41629e-06,5.40162e-06,0.383415,0.165194,0.164835,0.164835,0.373885,0.168555,0.00545356,0.00952927,0.0156738,-0.000359119
0.725,23.5,17.0161,-0.00126613,-0.00130586,-0.00126591,0.000102276,3.58116e-06,5.66231e-06,0.226599,0.165081,0.16474,0.16474,0.21772,0.156063,0.00546452,0.00887858,0.0159338,-0.000341454
0.725,24.5,13.2159,-0.00132423,-0.00135226,-0.00132401,0.000116053,3.7455e-06,5.92215e-06,0.206341,0.164977,0.164651,0.164651,0.197531,0.169612,0.00547409,0.00880959,0.0161617,-0.000326004
0.725,25.5,6.0893,-0.00138202,-0.00134812,-0.00138179,0.00017097,3.90894e-06,6.18057e-06,0.117879,0.164879,0.164566,0.164566,0.109423,0.23978,0.00548217,0.00845615,0.016355,-0.000312949
0.735,21.5,13.0135,-0.00114549,-0.00110669,-0.00114529,0.000116952,3.23994e-06,5.1228e-06,0.0972655,0.16111,0.160776,0.160776,0.0889819,0.195446,0.00541449,0.00828359,0.0152553,-0.000333486
0.735,22.5,14.8625,-0.00120374,-0.00126877,-0.00120354,0.000109435,3.40468e-06,5.38327e-06,0.267315,0.160998,0.160682,0.160682,0.258309,0.174435,0.00542692,0.00900576,0.0155481,-0.000316034
0.735,23.5,15.6827,-0.00126195,-0.00120741,-0.00126175,0.000106535,3.56932e-06,5.6436e-06,0.0794326,0.160892,0.160592,0.160592,0.0711842,0.162315,0.00543815,0.00824839,0.0158132,-0.000300251
0.735,24.5,12.7351,-0.00132001,-0.00114925,-0.00131981,0.000118223,3.73354e-06,5.90325e-06,-0.0742948,0.160794,0.160507,0.160507,-0.0819481,0.172514,0.00544807,0.0076533,0.016048,-0.000286301
0.735,25.5,8.788,-0.0013778,-0.00131895,-0.0013776,0.000142317,3.897e-06,6.16169e-06,0.0799119,0.160702,0.160427,0.160427,0.071633,0.199273,0.00545658,0.00827897,0.01625,-0.000274337
0.745,21.5,9.0642,-0.00114159,-0.00111328,-0.00114141,0.000140132,3.2289e-06,5.10534e-06,0.110318,0.157033,0.156741,0.156741,0.102006,0.233853,0.0053884,0.00831256,0.0151283,-0.000291681
0.745,22.5,12.9402,-0.00119971,-0.00122005,-0.00119953,0.000117282,3.39329e-06,5.36526e-06,0.189554,0.156928,0.156652,0.156652,0.180898,0.186675,0.005401,0.00865639,0.0154239,-0.000276316
0.745,23.5,12.4848,-0.00125783,-0.00122875,-0.00125765,0.000119402,3.55767e-06,5.62517e-06,0.113067,0.156829,0.156567,0.156567,0.104705,0.181653,0.00541248,0.00836161,0.0156935,-0.00026232
0.745,24.5,10.2689,-0.00131583,-0.00151911,-0.00131566,0.000131656,3.72174e-06,5.88458e-06,0.475649,0.156737,0.156487,0.156487,0.465731,0.191828,0.00542272,0.00991814,0.0159343,-0.000249834
0.745,25.5,9.0146,-0.00137361,-0.00177612,-0.00137344,0.000140517,3.88517e-06,6.14299e-06,0.807471,0.156651,0.156412,0.156412,0.796011,0.196448,0.0054316,0.0114606,0.0161442,-0.000238987
0.745,26.5,0.9318,-0.00143105,-0.00180408,-0.00143088,0.000437061,4.04762e-06,6.39984e-06,0.726573,0.15657,0.15634,0.15634,0.715479,0.587307,0.00543904,0.0110942,0.0163208,-0.0002299
0.755,21.5,3.8898,-0.00113773,-0.00130648,-0.00113758,0.000213914,3.21799e-06,5.08808e-06,0.454662,0.15302,0.152768,0.152768,0.444927,0.356485,0.00536272,0.00973435,0.0150029,-0.000251803
0.755,22.5,11.7321,-0.00119572,-0.000998288,-0.00119557,0.000123173,3.382e-06,5.34741e-06,-0.138833,0.152922,0.152684,0.152684,-0.146166,0.195776,0.00537548,0.00733316,0.0153008,-0.000238424
0.755,23.5,10.3176,-0.00125373,-0.00119867,-0.00125359,0.000131345,3.5461e-06,5.60687e-06,0.0708363,0.15283,0.152604,0.152604,0.0626679,0.199537,0.00538717,0.00816841,0.0155742,-0.00022616
0.755,24.5,8.8686,-0.00131168,-0.00151641,-0.00131153,0.000141669,3.70998e-06,5.866e-06,0.473631,0.152744,0.152529,0.152529,0.463749,0.206116,0.00539769,0.00988251,0.0158204,-0.000215127
0.755,25.5,7.3001,-0.00136943,-0.00131813,-0.00136929,0.000156149,3.87334e-06,6.12429e-06,0.0822578,0.152663,0.152458,0.152458,0.0740128,0.217973,0.00540693,0.00824498,0.0160373,-0.000205436
0.755,26.5,3.5753,-0.00142689,-0.00173199,-0.00142674,0.000223124,4.03585e-06,6.38124e-06,0.606702,0.152587,0.15239,0.15239,0.59619,0.299359,0.00541479,0.0105124,0.0162227,-0.000197187
0.765,21.5,2.3401,-0.00113396,-0.00133981,-0.00113383,0.000275795,3.20733e-06,5.07124e-06,0.522563,0.149146,0.14893,0.14893,0.512558,0.458997,0.00533787,0.0100052,0.0148798,-0.000215645
0.765,22.5,11.7242,-0.00119181,-0.001139,-0.00119168,0.000123214,3.37096e-06,5.32995e-06,0.0668838,0.149055,0.148851,0.148851,0.0587716,0.195579,0.00535075,0.00811228,0.0151795,-0.000204076
0.765,23.5,8.7691,-0.00124972,-0.00128969,-0.0012496,0.000142471,3.53475e-06,5.58894e-06,0.210497,0.14897,0.148777,0.148777,0.201783,0.216145,0.00536264,0.00871435,0.0154562,-0.000193411
0.765,24.5,9.0996,-0.00130759,-0.00139424,-0.00130747,0.000139859,3.69843e-06,5.84773e-06,0.278723,0.14889,0.148706,0.148706,0.269706,0.2032,0.00537341,0.00901713,0.0157073,-0.000183744
0.765,25.5,6.577,-0.00136531,-0.00156102,-0.00136519,0.000164509,3.86169e-06,6.10587e-06,0.440823,0.148815,0.148639,0.148639,0.431093,0.229315,0.00538297,0.00973011,0.0159305,-0.00017517
0.765,26.5,3.6524,-0.00142278,-0.00148988,-0.00142265,0.000220757,4.02422e-06,6.36286e-06,0.24063,0.148744,0.148576,0.148576,0.231743,0.295745,0.00539121,0.00888736,0.0161237,-0.000167773
0.775,21.5,0.1655,-0.00113026,-0.000362723,-0.00113015,0.00103706,3.19686e-06,5.05467e-06,-0.83016,0.14536,0.145178,0.145178,-0.835065,1.72372,0.00531356,0.00490494,0.0147586,-0.000181766
0.775,22.5,9.221,-0.00118797,-0.00128371,-0.00118786,0.000138936,3.36008e-06,5.31276e-06,0.302811,0.145276,0.145104,0.145104,0.293755,0.220247,0.00532656,0.00905522,0.0150598,-0.000171882
0.775,23.5,7.92,-0.00124577,-0.00117476,-0.00124566,0.000149913,3.52356e-06,5.57123e-06,0.0403348,0.145197,0.145034,0.145034,0.0323313,0.227136,0.00533861,0.00800352,0.0153392,-0.000162721
0.775,24.5,7.8134,-0.00130355,-0.00159471,-0.00130345,0.000150933,3.687e-06,5.82967e-06,0.615517,0.145123,0.144969,0.144969,0.605053,0.218993,0.0053496,0.0104634,0.0155945,-0.000154365
0.775,25.5,5.4103,-0.00136123,-0.00147881,-0.00136112,0.000181381,3.85013e-06,6.0876e-06,0.315461,0.145053,0.144906,0.144906,0.306296,0.252486,0.00535945,0.0091656,0.0158234,-0.000146887
0.775,26.5,4.7029,-0.00141868,-0.0013555,-0.00141858,0.000194545,4.01264e-06,6.34455e-06,0.0621469,0.144987,0.144847,0.144847,0.0540114,0.260259,0.00536805,0.00813543,0.0160238,-0.000140361
0.775,27.5,0.2185,-0.00147581,-0.000800649,-0.00147571,0.000902562,4.17423e-06,6.60003e-06,-0.573758,0.144926,0.144791,0.144791,-0.579556,1.16226,0.00537531,0.0057975,0.0161938,-0.000134849
0.785,22.5,6.5706,-0.0011842,-0.00130358,-0.00118411,0.000164589,3.34941e-06,5.29588e-06,0.339658,0.1416,0.141458,0.141458,0.330472,0.260586,0.00530297,0.00918637,0.0149419,-0.000142386
0.785,23.5,6.3667,-0.00124187,-0.00134413,-0.00124178,0.000167204,3.51255e-06,5.55382e-06,0.302274,0.141527,0.141392,0.141392,0.293224,0.253012,0.00531516,0.00904998,0.0152236,-0.000134615
0.785,24.5,6.1657,-0.00129957,-0.00134385,-0.00129948,0.000169907,3.67574e-06,5.81185e-06,0.206626,0.141459,0.141331,0.141331,0.197955,0.246206,0.00532636,0.00867094,0.0154825,-0.000127483
0.785,25.5,6.282,-0.00135719,-0.00144018,-0.0013571,0.000168327,3.83871e-06,6.06953e-06,0.260075,0.141394,0.141273,0.141273,0.251165,0.234004,0.00533647,0.00890956,0.0157165,-0.000121053
0.785,26.5,5.2479,-0.00141463,-0.0011467,-0.00141454,0.000184166,4.00117e-06,6.3264e-06,-0.188131,0.141333,0.141218,0.141218,-0.195278,0.246038,0.00534539,0.0071471,0.0159233,-0.000115382
0.785,27.5,1.2898,-0.00147178,-0.00162121,-0.00147169,0.000371485,4.16281e-06,6.58198e-06,0.342782,0.141276,0.141166,0.141166,0.333494,0.4777,0.00535304,0.0092877,0.0161013,-0.000110524
0.795,22.5,3.6968,-0.00118053,-0.0012439,-0.00118046,0.000219427,3.33904e-06,5.27949e-06,0.240785,0.138081,0.137965,0.137965,0.232035,0.346997,0.00528029,0.00875035,0.0148263,-0.000116161
0.795,23.5,6.1885,-0.00123808,-0.0013157,-0.00123801,0.000169594,3.50183e-06,5.53688e-06,0.258743,0.138014,0.137904,0.137904,0.249898,0.256322,0.00529261,0.00884537,0.0151099,-0.000109632
0.795,24.5,5.2664,-0.00129569,-0.00140749,-0.00129561,0.000183843,3.66475e-06,5.79448e-06,0.306344,0.137951,0.137848,0.137848,0.29728,0.266075,0.00530399,0.00906368,0.015372,-0.00010361
0.795,25.5,3.9875,-0.00135324,-0.00161467,-0.00135317,0.000211277,3.82754e-06,6.05188e-06,0.535774,0.137892,0.137794,0.137794,0.5257,0.293347,0.00531433,0.0100739,0.0156104,-9.81426e-05
0.795,26.5,3.4546,-0.00141065,-0.00176486,-0.00141058,0.000226989,3.98992e-06,6.30862e-06,0.671376,0.137836,0.137743,0.137743,0.660672,0.302859,0.00532354,0.0107033,0.0158232,-9.32775e-05
0.795,27.5,2.0084,-0.00146781,-0.0016664,-0.00146774,0.000297699,4.1516e-06,6.56425e-06,0.409566,0.137783,0.137694,0.137694,0.400013,0.38231,0.00533154,0.00955295,0.0160084,-8.90579e-05
0.805,22.5,1.8797,-0.00117692,-0.000799179,-0.00117686,0.000307722,3.32883e-06,5.26334e-06,-0.386781,0.134636,0.134545,0.134545,-0.393119,0.486065,0.00525808,0.00633794,0.0147124,-9.18082e-05
0.805,23.5,4.2816,-0.00123435,-0.00137515,-0.00123429,0.000203892,3.49126e-06,5.52017e-06,0.358663,0.134575,0.134489,0.134489,0.349422,0.307801,0.0052705,0.00924155,0.0149975,-8.64296e-05
0.805,24.5,4.1717,-0.00129185,-0.0012539,-0.00129179,0.00020656,3.65389e-06,5.77731e-06,0.080382,0.134518,0.134437,0.134437,0.0722638,0.298601,0.00528204,0.00811817,0.0152623,-8.14448e-05
0.805,25.5,3.8451,-0.00134933,-0.00101721,-0.00134927,0.000215154,3.81648e-06,6.03438e-06,-0.279946,0.134464,0.134387,0.134387,-0.286709,0.298369,0.00529259,0.00676251,0.0155047,-7.68924e-05
0.805,26.5,3.1866,-0.0014067,-0.00148346,-0.00140665,0.000236341,3.97875e-06,6.29095e-06,0.239302,0.134412,0.13434,0.13434,0.230507,0.314947,0.00530207,0.00879578,0.0157227,-7.28091e-05
0.805,27.5,2.4709,-0.00146386,-0.00144572,-0.0014638,0.000268396,4.14042e-06,6.54658e-06,0.111223,0.134364,0.134295,0.134295,0.102937,0.344237,0.00531039,0.008286,0.0159145,-6.92293e-05
0.805,28.5,0.0197,-0.00152071,-0.00127873,-0.00152065,0.00300587,4.3012e-06,6.8008e-06,-0.144642,0.134318,0.134252,0.134252,-0.151939,3.71608,0.00531748,0.00729751,0.0160784,-6.61843e-05
0.815,22.5,0.9842,-0.00117347,-0.00137559,-0.00117343,0.000425267,3.31908e-06,5.24793e-06,0.47703,0.131433,0.131361,0.131361,0.467327,0.671033,0.00523721,0.00970301,0.0146017,-7.1522e-05
0.815,23.5,5.1218,-0.00123077,-0.0013165,-0.00123073,0.00018642,3.48115e-06,5.50419e-06,0.264827,0.131377,0.13131,0.13131,0.256,0.281129,0.00524973,0.00882714,0.014888,-6.71151e-05
0.815,24.5,3.5284,-0.00128817,-0.00130887,-0.00128813,0.000224602,3.6435e-06,5.76088e-06,0.161432,0.131325,0.131262,0.131262,0.153008,0.324338,0.0052614,0.00842361,0.0151551,-6.30141e-05
0.815,25.5,3.132,-0.00134558,-0.00109715,-0.00134554,0.000238392,3.80587e-06,6.01761e-06,-0.186403,0.131276,0.131217,0.131217,-0.193493,0.330237,0.00527215,0.00709007,0.015401,-5.92485e-05
0.815,26.5,2.8878,-0.00140291,-0.00176221,-0.00140286,0.000248267,3.96801e-06,6.27398e-06,0.672123,0.131229,0.131174,0.131174,0.661466,0.330471,0.00528187,0.010657,0.0156237,-5.58471e-05
0.815,27.5,2.2614,-0.00146006,-0.00110176,-0.00146001,0.000280553,4.12966e-06,6.52957e-06,-0.28193,0.131185,0.131132,0.131132,-0.288693,0.359414,0.00529049,0.00676333,0.0158215,-5.28369e-05
0.815,28.5,0.373,-0.00151693,-0.00251054,-0.00151689,0.000690794,4.29053e-06,6.78392e-06,1.87637,0.131143,0.131093,0.131093,1.85947,0.852989,0.00529793,0.0169006,0.0159927,-5.0243e-05
0.825,22.5,0.1507,-0.00117,-0.00209873,-0.00116996,0.00108679,3.30925e-06,5.23239e-06,2.39634,0.128164,0.128113,0.128113,2.37661,1.71301,0.00521607,0.0197388,0.0144915,-5.19528e-05
0.825,23.5,3.1462,-0.00122716,-0.00115056,-0.00122713,0.000237854,3.47095e-06,5.48805e-06,0.0158486,0.128114,0.128066,0.128066,0.00804015,0.358304,0.00522866,0.00780847,0.0147786,-4.84751e-05
0.825,24.5,2.9444,-0.00128445,-0.00117978,-0.00128442,0.000245869,3.63297e-06,5.74423e-06,-0.0175891,0.128067,0.128022,0.128022,-0.0252856,0.354659,0.00524045,0.00769657,0.0150476,-4.52276e-05
0.825,25.5,2.6661,-0.00134177,-0.00153475,-0.00134174,0.000258383,3.7951e-06,6.00058e-06,0.413514,0.128023,0.127981,0.127981,0.404043,0.357531,0.00525136,0.00947096,0.0152965,-4.22319e-05
0.825,26.5,2.3241,-0.00139904,-0.00121891,-0.00139901,0.000276742,3.95709e-06,6.2567e-06,-0.0983859,0.127981,0.127941,0.127941,-0.105803,0.367954,0.0052613,0.00741737,0.0155235,-3.95092e-05
0.825,27.5,1.8788,-0.00145617,-0.00122645,-0.00145614,0.000307796,4.11866e-06,6.51218e-06,-0.146461,0.127941,0.127904,0.127904,-0.153709,0.393852,0.00527019,0.00724822,0.0157267,-3.70799e-05
0.825,28.5,0.8506,-0.00151306,-0.00140993,-0.00151303,0.000457446,4.27957e-06,6.76659e-06,0.00452492,0.127903,0.127868,0.127868,-0.00331349,0.564165,0.00527795,0.00783841,0.0159046,-3.49629e-05
0.835,23.5,2.2927,-0.00122371,-0.000721808,-0.00122369,0.000278631,3.46119e-06,5.47262e-06,-0.513355,0.125079,0.125046,0.125046,-0.519229,0.419321,0.00520886,0.00587396,0.0146722,-3.3002e-05
0.835,24.5,2.5293,-0.00128089,-0.00142712,-0.00128087,0.000265279,3.6229e-06,5.72831e-06,0.347102,0.125036,0.125006,0.125006,0.337954,0.382278,0.00522075,0.00914813,0.0149427,-3.04751e-05
0.835,25.5,1.8522,-0.00133812,-0.00119588,-0.0013381,0.000309998,3.78478e-06,5.98426e-06,-0.0626863,0.124997,0.124968,0.124968,-0.0702085,0.428519,0.00523181,0.00752219,0.0151943,-2.8135e-05
0.835,26.5,2.0766,-0.00139533,-0.0017768,-0.00139531,0.00029277,3.94659e-06,6.24011e-06,0.702577,0.124959,0.124933,0.124933,0.69183,0.388863,0.00524195,0.0107474,0.015425,-2.59967e-05
0.835,27.5,1.4614,-0.00145243,-0.00195872,-0.00145241,0.000348994,4.10809e-06,6.49546e-06,0.892515,0.124923,0.124899,0.124899,0.880862,0.446096,0.00525109,0.0116524,0.0156332,-2.40751e-05
0.835,28.5,1.0856,-0.00150932,-0.00159043,-0.0015093,0.000404919,4.26901e-06,6.74989e-06,0.227289,0.124889,0.124866,0.124866,0.218573,0.498835,0.00525915,0.00871542,0.0158171,-2.23842e-05
0.845,23.5,1.3724,-0.00122036,-0.000964903,-0.00122035,0.000360133,3.45171e-06,5.45764e-06,-0.229183,0.122177,0.122157,0.122157,-0.236037,0.541478,0.00518982,0.00685409,0.0145678,-1.98136e-05
0.845,24.5,2.0425,-0.00127742,-0.00165221,-0.00127741,0.000295204,3.6131e-06,5.71281e-06,0.742995,0.122139,0.122121,0.122121,0.732131,0.425007,0.00520181,0.010864,0.0148396,-1.79111e-05
0.845,25.5,1.9685,-0.00133457,-0.00140972,-0.00133455,0.000300701,3.77472e-06,5.96836e-06,0.228572,0.122104,0.122087,0.122087,0.219916,0.415277,0.005213,0.008656,0.0150935,-1.61433e-05
0.845,26.5,1.5987,-0.00139171,-0.00172469,-0.0013917,0.000333672,3.93635e-06,6.22391e-06,0.61696,0.12207,0.122055,0.122055,0.606622,0.442764,0.00522331,0.0103377,0.0153276,-1.45208e-05
0.845,27.5,1.3095,-0.00144877,-0.00180768,-0.00144876,0.000368681,4.09774e-06,6.47909e-06,0.63769,0.122038,0.122025,0.122025,0.62724,0.470792,0.00523267,0.0104494,0.0155402,-1.30537e-05
0.845,28.5,1.1086,-0.00150566,-0.000763088,-0.00150565,0.000400696,4.25865e-06,6.73351e-06,-0.626016,0.122007,0.121995,0.121995,-0.631559,0.493127,0.00524101,0.00554293,0.0157297,-1.17518e-05
0.845,29.5,0.0687,-0.00156228,-0.00117173,-0.00156228,0.00160962,4.41881e-06,6.98675e-06,-0.294964,0.121978,0.121967,0.121967,-0.301657,1.91176,0.00524825,0.00669225,0.0158945,-1.06242e-05
0.855,23.5,0.8766,-0.00121712,-0.00139551,-0.00121712,0.000450611,3.44254e-06,5.44314e-06,0.406055,0.119421,0.119412,0.119412,0.39672,0.676939,0.00517162,0.00933476,0.0144657,-8.89488e-06
0.855,24.5,1.965,-0.00127407,-0.00126596,-0.00127406,0.000300969,3.60361e-06,5.6978e-06,0.107756,0.119388,0.119381,0.119381,0.099622,0.432935,0.00518368,0.00813376,0.0147385,-7.52128e-06
0.855,25.5,1.4101,-0.00133111,-0.00178201,-0.00133111,0.000355286,3.76496e-06,5.95292e-06,0.852197,0.119357,0.11935,0.11935,0.840827,0.490232,0.00519499,0.0113698,0.0149943,-6.24205e-06
0.855,26.5,1.2362,-0.00138819,-0.00141285,-0.00138818,0.000379454,3.92639e-06,6.20816e-06,0.152283,0.119327,0.119322,0.119322,0.143937,0.503065,0.00520546,0.00834597,0.0152313,-5.06374e-06
0.855,27.5,1.1242,-0.00144521,-0.0010395,-0.0014452,0.000397907,4.08766e-06,6.46316e-06,-0.340526,0.119299,0.119295,0.119295,-0.347022,0.507648,0.00521503,0.00649599,0.0154479,-3.9929e-06
0.855,28.5,0.9864,-0.00150208,-0.00101203,-0.00150208,0.000424792,4.24853e-06,6.71752e-06,-0.40637,0.119272,0.119269,0.119269,-0.412645,0.522286,0.00522361,0.00627491,0.0156425,-3.0359e-06
0.855,29.5,0.3299,-0.00155873,-0.00160758,-0.00155873,0.000734534,4.40876e-06,6.97085e-06,0.178033,0.119246,0.119244,0.119244,0.169542,0.871551,0.00523115,0.00849164,0.0158136,-2.19871e-06
0.865,23.5,0.3403,-0.00121399,-0.00216863,-0.00121399,0.000723223,3.43367e-06,5.42912e-06,2.31493,0.116807,0.116807,0.116807,2.29581,1.08562,0.00515423,0.0191176,0.0143658,-5.08776e-08
0.865,24.5,1.2855,-0.00127082,-0.00117012,-0.00127082,0.000372106,3.59441e-06,5.68326e-06,-0.023042,0.116778,0.116779,0.116779,-0.0306507,0.534839,0.00516635,0.00760867,0.0146393,8.80569e-07
0.865,25.5,1.3409,-0.00132777,-0.00167889,-0.00132777,0.000364338,3.75549e-06,5.93795e-06,0.665355,0.11675,0.116752,0.116752,0.654864,0.502319,0.00517775,0.0104904,0.0148967,1.74882e-06
0.865,26.5,0.9429,-0.00138477,-0.00146722,-0.00138477,0.00043448,3.91671e-06,6.19286e-06,0.22893,0.116724,0.116726,0.116726,0.220291,0.575545,0.00518837,0.00863913,0.0151364,2.55035e-06
0.865,27.5,0.9833,-0.00144174,-0.0019797,-0.00144174,0.000425461,4.07785e-06,6.44764e-06,0.939526,0.116699,0.116702,0.116702,0.927721,0.542344,0.00519812,0.0118045,0.0153566,3.28151e-06
0.865,28.5,0.7724,-0.00149859,-0.00183567,-0.0014986,0.000480045,4.23866e-06,6.70192e-06,0.577057,0.116675,0.116679,0.116679,0.566903,0.589705,0.00520693,0.0101547,0.0155558,3.93865e-06
0.865,29.5,0.4418,-0.00155525,-0.00181673,-0.00155526,0.000634732,4.39892e-06,6.95531e-06,0.45186,0.116653,0.116657,0.116657,0.442238,0.752448,0.00521474,0.00962183,0.0157325,4.51826e-06
0.875,23.5,0.147,-0.00121097,-0.000466996,-0.00121097,0.00110038,3.42514e-06,5.41562e-06,-0.763508,0.114347,0.114354,0.114354,-0.768526,1.65058,0.00513771,0.00501895,0.0142683,6.76377e-06
0.875,24.5,1.1728,-0.00126768,-0.00140747,-0.00126769,0.000389575,3.58554e-06,5.66924e-06,0.325404,0.114322,0.114329,0.114329,0.316423,0.559542,0.00514988,0.00898093,0.0145423,7.33695e-06
0.875,25.5,0.9604,-0.00132453,-0.00155314,-0.00132454,0.000430504,3.74635e-06,5.9235e-06,0.455354,0.114298,0.114306,0.114306,0.445804,0.593108,0.00516137,0.0095494,0.014801,7.87032e-06
0.875,26.5,0.6622,-0.00138146,-0.00213855,-0.00138146,0.000518452,3.90735e-06,6.17806e-06,1.43914,0.114275,0.114284,0.114284,1.42489,0.686268,0.00517211,0.0142552,0.0150429,8.36263e-06
0.875,27.5,0.766,-0.00143838,-0.00194021,-0.00143838,0.000482046,4.06834e-06,6.43261e-06,0.87105,0.114254,0.114263,0.114263,0.859592,0.614004,0.00518203,0.011458,0.0152664,8.81241e-06
0.875,28.5,0.5018,-0.00149521,-0.00170333,-0.00149522,0.000595577,4.22909e-06,6.68678e-06,0.386608,0.114233,0.114242,0.114242,0.377298,0.731048,0.00519105,0.0093107,0.0154697,9.21811e-06
0.875,29.5,0.4227,-0.00155187,-0.00292382,-0.00155188,0.000648914,4.38936e-06,6.94019e-06,2.80016,0.114214,0.114223,0.114223,2.77778,0.768625,0.00519911,0.0223837,0.0156517,9.57812e-06
0.885,24.5,0.6295,-0.00126466,-0.00188686,-0.00126467,0.000531747,3.57701e-06,5.65575e-06,1.25286,0.11202,0.112032,0.112032,1.23965,0.763244,0.00513427,0.0132141,0.0144474,1.2026e-05
0.885,25.5,0.8507,-0.00132142,-0.00144828,-0.00132143,0.00045742,3.73754e-06,5.90957e-06,0.294409,0.111999,0.112012,0.112012,0.285553,0.629775,0.00514584,0.00885585,0.0147073,1.22938e-05
0.885,26.5,0.6623,-0.00137826,-0.00210544,-0.00137827,0.000518413,3.89832e-06,6.16378e-06,1.36762,0.11198,0.111992,0.111992,1.35376,0.685755,0.00515669,0.0138573,0.0149511,1.25393e-05
0.885,27.5,0.6317,-0.00143513,-0.00129987,-0.00143514,0.00053082,4.05915e-06,6.41808e-06,-0.0532831,0.111962,0.111974,0.111974,-0.0607947,0.675663,0.00516675,0.00751163,0.0151774,1.27626e-05
0.885,28.5,0.5343,-0.00149193,-0.00112936,-0.00149194,0.000577179,4.21981e-06,6.67211e-06,-0.289374,0.111944,0.111957,0.111957,-0.296027,0.70796,0.00517597,0.00665246,0.0153846,1.29638e-05
0.885,29.5,0.42,-0.00154859,-0.00218623,-0.0015486,0.000650996,4.38008e-06,6.92552e-06,1.0363,0.111927,0.11194,0.11194,1.02403,0.770518,0.00518426,0.0122668,0.0155713,1.31426e-05
0.895,25.5,0.0926,-0.00131843,-0.00118724,-0.00131844,0.00138643,3.72908e-06,5.89619e-06,-0.0630583,0.109862,0.109877,0.109877,-0.070489,1.90772,0.00513119,0.00743073,0.0146155,1.51356e-05
0.895,26.5,0.2646,-0.00137519,-0.00208152,-0.0013752,0.000820178,3.88963e-06,6.15005e-06,1.31816,0.109845,0.10986,0.10986,1.30458,1.08428,0.00514214,0.0135792,0.014861,1.51932e-05
0.895,27.5,0.3608,-0.001432,-0.0014936,-0.00143201,0.000702376,4.0503e-06,6.40408e-06,0.189723,0.10983,0.109845,0.109845,0.181274,0.893485,0.00515234,0.0084493,0.0150898,1.52428e-05
0.895,28.5,0.4132,-0.00148876,-0.00041968,-0.00148878,0.000656331,4.21086e-06,6.65796e-06,-0.883836,0.109815,0.10983,0.10983,-0.888521,0.804538,0.00516172,0.00468498,0.0153005,1.52855e-05
0.895,29.5,0.3498,-0.00154542,-0.0010138,-0.00154544,0.000713334,4.37111e-06,6.91134e-06,-0.435572,0.1098,0.109816,0.109816,-0.441711,0.843745,0.00517023,0.00613861,0.0154916,1.53221e-05
0.905,28.5,0.0604,-0.00148573,-0.00220673,-0.00148574,0.00171666,4.20227e-06,6.64437e-06,1.23316,0.107852,0.107868,0.107868,1.21999,2.10315,0.00514836,0.0131778,0.0152176,1.63382e-05
0.905,29.5,0.1849,-0.00154237,-0.0014955,-0.00154238,0.000981148,4.36248e-06,6.89769e-06,0.0531731,0.10784,0.107857,0.107857,0.0452501,1.15985,0.00515707,0.00792294,0.0154127,1.62702e-05
