x,d_V,u_V,s_V,c_V,d_p,u_p,s_p,c_p,dV/uV,d,dbar,u,ubar,s,sbar,c,cbar,d_unc,dbar_unc,u_unc,ubar_unc,s_unc,sbar_unc,c_unc,cbar_unc,(dV/uV)_unc
0.155,0.2978137639438914,0.6237710378982644,0.012684386930108565,-3.044131602606727e-05,0.48913839428325995,0.7485712239489468,0.08188314465435638,0.019558276794666943,0.4774408330135779,0.3934760791135757,0.09566231516968426,0.6861711309236056,0.062400093025341274,0.04728376579223247,0.03459937886212391,0.009763917739320437,0.009794359055346504,0.005702521320508013,0.004862802571454189,0.005629202526547246,0.002303868790803796,0.005588400779860846,0.003563972078840874,0.0011788851360447889,0.0011787295562756164,0.01288507365118402
0.165,0.29522680495830955,0.6276911418832067,0.012091092950746264,-3.9147046161360985e-05,0.4675437627079102,0.7402279840205617,0.07519898150729509,0.019220856354706897,0.47033769518009516,0.3813852838331099,0.08615847887480035,0.6839595629518842,0.0562684210686775,0.04364503722902068,0.03155394427827442,0.009590854654272769,0.00963000170043413,0.005399809330261051,0.0045084871935232645,0.00564061480295144,0.0021448114855246252,0.005333913858168559,0.0032115727953509823,0.0012477454009686662,0.0012475172822296635,0.012084829340267578
0.175,0.2943724638780809,0.6330091170660022,0.011686055551632723,-3.5557111832536584e-05,0.45141176706532915,0.7355313307548477,0.06910900355241183,0.01780542074269345,0.46503668895401945,0.37289211547170503,0.07851965159362412,0.6842702239104249,0.05126110684442281,0.04039752955202228,0.028711474000389554,0.008884931815430458,0.008920488927262995,0.00526473973658008,0.004278154471943837,0.005704579071294495,0.0020710091773761944,0.005169141672632016,0.0029789205608142825,0.0013207894616396102,0.001320567114877527,0.01160719745459999
0.185,0.29117423875240167,0.6341138095968031,0.011194417868429871,-3.5759261849723986e-05,0.4328153945521175,0.7269445167675694,0.06319320257829235,0.01687145297924733,0.4591829326939636,0.3619948166522596,0.0708205778998579,0.6805291631821863,0.04641535358538317,0.03719381022336111,0.025999392354931237,0.008417846858698803,0.008453606120548527,0.0051575029308810715,0.004019121012170651,0.005729439263245708,0.0020017582653515955,0.0049654311612913355,0.002754699862867095,0.0013900175782071502,0.0013897823506979665,0.011208879877777269
0.195,0.2868968017346065,0.6326999052998845,0.010558717422158435,-3.547468139651275e-05,0.41412447417517817,0.7167380231821996,0.05756466212432632,0.01600919838378477,0.45344846637621095,0.35051063795489235,0.06361383622028581,0.674718964241042,0.042019058941157574,0.03406168977324238,0.023502972351083944,0.007986861851194129,0.008022336532590641,0.005107327354574058,0.003763378309939151,0.005723470948943503,0.0019460528965706114,0.004752981621603532,0.002582906278262097,0.0014504598165313452,0.001450216716276549,0.01092304782840028
0.205,0.2833951465308287,0.6318078187352831,0.009892699650706906,-3.21428842747001e-05,0.39817952893655023,0.7084277178632172,0.05246140504964564,0.014949914774816865,0.448546437899602,0.34078733773368947,0.05739219120286078,0.6701177682992502,0.03830994956396705,0.03117705235017627,0.021284352699469364,0.007458885945271082,0.007491028829545782,0.005130489445873449,0.003546535147846856,0.0057154188373917175,0.0019128354657618645,0.004575609468405706,0.002483513888120414,0.0015008213575213227,0.001500594491549721,0.010759064087240451
0.215,0.2776496875384751,0.6262139538478744,0.009039195166136986,-3.140095579268025e-05,0.37983606477708853,0.6957548267396769,0.04744074670143714,0.014173956236853785,0.4433783147635261,0.3287428761577818,0.05109318861930673,0.6609843902937756,0.03477043644590122,0.028239970933787065,0.01920077576765008,0.007071277640530552,0.007102678596323232,0.005144197264277758,0.0032754174018303625,0.005641427056163997,0.0018604017676754835,0.0043486910952222095,0.0023982900962622364,0.0015286654053667855,0.0015284361623289669,0.010608015901182337
0.225,0.271613026849908,0.6195925907384644,0.008209078342301342,-2.986576284812019e-05,0.36242732834490193,0.6827264813028958,0.04281435216996626,0.013390357759251586,0.4383735875959794,0.317020177597405,0.04540715074749695,0.6511595360206801,0.03156694528221569,0.025511715256133802,0.01730263691383246,0.006680245998201733,0.006710111761049853,0.005167133781389639,0.0030025851374637304,0.005545516270694331,0.001801216506460839,0.004128562317707211,0.0023433795421934104,0.0015417980393598162,0.0015415735128666219,0.010490524396373827
0.235,0.2661180982998761,0.6137621476749247,0.00745842410113607,-2.7060224732739988e-05,0.34713409323449673,0.6712406293740356,0.03866217018491076,0.012575446995809526,0.4335850610989844,0.3066260957671864,0.040507997467310305,0.6425013885244801,0.028739240849555498,0.023060297143023416,0.015601873041887346,0.006274193385538393,0.006301253610271133,0.005201400426422313,0.002750400357816109,0.005451895020820747,0.0017426268741009064,0.003930994574163913,0.0023140560119609787,0.0015496680327106956,0.0015494594778886065,0.01040429988808466
0.245,0.2585716568324999,0.6039297697999529,0.00665914402802021,-2.5681688751822557e-05,0.3300911878028911,0.6558530577021601,0.03465729897462997,0.011971181881362246,0.428148552634108,0.2943314223176955,0.035759765485195584,0.6298914137510565,0.0259616439511036,0.02065822150132509,0.01399907747330488,0.005972750096305212,0.005998431785057034,0.005189456447493367,0.0024618729915267795,0.005307231628051136,0.0016604183694781162,0.003691894774268071,0.0022736448635275993,0.0015449628924684479,0.001544759354754751,0.010295421437058324
0.255,0.25092386667119937,0.5931256414623464,0.0058962647399709925,-2.403530900306483e-05,0.31380281590057557,0.6401055379442327,0.031023642276328263,0.011431810342542459,0.4230534799550204,0.28236334128588747,0.03143947461468811,0.6166155897032896,0.023489948240943238,0.018459953508149628,0.012563688768178635,0.005703887516769697,0.005727922825772762,0.005159940934235925,0.0021800653688911274,0.005149733263368795,0.001579505033556292,0.0034513798882706906,0.002235440656789751,0.00153962382366409,0.0015394278475160247,0.010195745468798213
0.265,0.24398557898171222,0.5832186240722192,0.005215528384270047,-2.178082893092813e-05,0.29933552666064234,0.6258987750447047,0.02782126231575369,0.010896390788226575,0.41834325741885053,0.2716605528211773,0.027674973839465065,0.604558699558462,0.021340075486242713,0.01651839535001187,0.011302866965741822,0.005437304979647823,0.0054590858085787515,0.00513373811334521,0.0019395099634736837,0.005000601068423829,0.0015084651284383431,0.0032324146384529804,0.0022047996645279096,0.0015354426473256032,0.0015352604214861562,0.010128114524845876
0.275,0.23566811167960938,0.570222682499719,0.004555202073129365,-2.0231559394729218e-05,0.2839197284472192,0.6088154624280584,0.0248612921124787,0.010453380381716724,0.4132913665350826,0.2597939200634143,0.024125808383804907,0.5895190724638887,0.01929638996416972,0.014708247092804033,0.010153045019674668,0.0052165744111609975,0.005236805970555727,0.005069853781365593,0.001726640885532471,0.004815298853878952,0.0014303376727645188,0.002995485630918179,0.0021603145154555,0.001521435230460823,0.0015212611234522357,0.010073441953374876
0.285,0.22697848158386663,0.5561947230134426,0.003945452368203315,-1.8743822041168527e-05,0.268881664496792,0.5910302363049375,0.02220396110352233,0.010066074232101055,0.40809175670366943,0.24793007304032932,0.020951591456462706,0.57361247965919,0.017417756645747386,0.013074706735862824,0.009129254367659509,0.005023665205029943,0.005042409027071111,0.004994720959688834,0.0015845517517859905,0.00461949707398451,0.0013549074549647666,0.0027636146497289436,0.002113192556524684,0.0015089309034509552,0.0015087650877997102,0.01006161846222846
0.295,0.21878115130006132,0.5429927708991772,0.003397933594602243,-1.702085782050427e-05,0.2552095005471968,0.5744597854131691,0.019871901172994262,0.009715112694085058,0.40291724498977644,0.23699532592362907,0.018214174623567746,0.5587262781561732,0.015733507256995953,0.011634917383798253,0.00823698378919601,0.004849045918132277,0.004866066775952782,0.004926429292937458,0.001527358112257895,0.0044333630490253385,0.0012871007556193926,0.002552194258698702,0.0020705509145851255,0.0015041584115234737,0.0015040044628386825,0.01009756749097167
0.305,0.20984519546178962,0.5278219209540564,0.0029036906202633108,-1.5622428889506233e-05,0.24126517570315828,0.5562267577452582,0.017767954432501183,0.00938924109293738,0.39756817049675985,0.22555518558247395,0.01570999012068434,0.5420243393496573,0.014202418395600895,0.010335822526382247,0.007432131906118936,0.004686809332023936,0.0047024317609134425,0.004845190164834722,0.0015298678646632146,0.004234497098308912,0.0012247167775416502,0.002345439331395341,0.002023118120512402,0.0014928999237355967,0.0014927554053909369,0.010182829129734035
0.315,0.20078599027899582,0.5119171948814931,0.0024720457364868593,-1.4311388849643815e-05,0.22772682549831977,0.5376357965702736,0.01591084816131506,0.009062074907599658,0.3922235710903929,0.2142564078886578,0.013470417609661962,0.5247764957258834,0.012859300844390268,0.00919144694890096,0.006719401212414101,0.004523881759375008,0.0045381931482246516,0.004762554125642299,0.0015732269419431693,0.004038459677354138,0.0011720875851811518,0.002154078170427327,0.0019766025778359705,0.0014774685179264372,0.0014773332463436767,0.010313964122026197
0.325,0.19195264318994126,0.4963521684502983,0.0021312008667609553,-1.2983820279127874e-05,0.21507853934890636,0.519685244782633,0.014275866037845489,0.008738311182072904,0.386726714198212,0.2035155912694238,0.011562948079482537,0.5080187066164656,0.011666538166167355,0.008203533452303222,0.006072332585542266,0.0043626636808968885,0.004375647501176016,0.004691875738127063,0.0016366543395491206,0.0038617621021759144,0.001129685474212378,0.0019895706942539546,0.0019291940421091662,0.0014632000087721904,0.00146307500343841,0.010490677172396438
0.335,0.1828469673086226,0.4801186315167249,0.001871867067592601,-1.1787128782018118e-05,0.2027073992853402,0.5012860454132861,0.012821005552525204,0.008425451658107819,0.3808370583974164,0.1927771832969814,0.009930215988358795,0.49070233846500555,0.010583706948280628,0.007346436310058903,0.005474569242466302,0.0042068322646629,0.004218619393444918,0.004623294667248246,0.0016974653379433213,0.0036973121063890216,0.001094657278420891,0.0018433711395317407,0.0018761433905773246,0.001447547893560272,0.001447432703191889,0.010704290765147003
0.345,0.17345812832824475,0.46312124087721646,0.0016806459901560706,-1.0720974786829901e-05,0.19055579810139334,0.48228636802817487,0.011520301318068749,0.008137888277404312,0.37454150882756054,0.18200696321481905,0.008548834886574304,0.47270380445269566,0.00958256357547923,0.00660047365411241,0.0049198276639563394,0.004063583651308741,0.004074304626095571,0.00455692036443541,0.0017509147203341035,0.0035490755714574444,0.001066765373302402,0.001716503056985033,0.001817506847108489,0.0014340793085676922,0.0014339734824330103,0.010958724596207314
0.355,0.1641502065497844,0.4462506909298136,0.0015633407695050793,-9.706733865084971e-06,0.17901065472125066,0.463560513135841,0.010365765513823533,0.007890891720329106,0.36784303057942375,0.17158043063551753,0.007430224085733133,0.4549056020328273,0.008654911103013701,0.005964553141664306,0.004401212372159227,0.0039405924932320105,0.0039502992270970955,0.004503404200453894,0.0017916048137985776,0.0034255452897237124,0.0010453565546058152,0.0016117825427394532,0.0017518879083067529,0.001428768559733472,0.0014286724424318737,0.011255020777821909
0.365,0.15505166093927703,0.42959253680261034,0.001487395644740993,-8.747847689715219e-06,0.168087353995658,0.4452329084459422,0.009352397229680079,0.007647505746878482,0.3609272686469419,0.1615695074674675,0.006517846528190489,0.4374127226242763,0.007820185821665914,0.0054198964372105364,0.003932500792469543,0.0038193789495943836,0.003828126797284099,0.004462977807587428,0.0018207810715939684,0.003326859510795722,0.0010341420995822654,0.0015267979746992392,0.0016885300093514664,0.0014234043942921275,0.0014233179054631644,0.011595684672292852
0.375,0.14593847040156385,0.4123952179039116,0.0014154843145822633,-7.891633852520705e-06,0.15745016989509095,0.4265631389768669,0.008464154358664922,0.007362877496457563,0.35388012291541077,0.1516943201483274,0.005755849746763536,0.41947917844038923,0.007083960536477631,0.0049398193366235925,0.0035243350220413292,0.003677492931302521,0.0036853845651550416,0.00442666325867689,0.0018415285360417295,0.0032455694533765184,0.0010337715228282468,0.0014547134131067969,0.0016319418610454672,0.001406364045570229,0.0014062864383141427,0.011987622192669427
0.385,0.13686932738553764,0.39487921719303587,0.001357272812311917,-7.118604347728513e-06,0.1471514793452759,0.4077498524291192,0.0076941108981653655,0.007054846566270366,0.3466106126284923,0.14201040336540677,0.005141075979869134,0.40131453481107754,0.006435317618041671,0.004525691855238641,0.0031684190429267243,0.0035238639809613186,0.003530982585309047,0.004397543736988179,0.0018509946627475724,0.003181598075876744,0.0010423179946248903,0.0013948004907622022,0.001579202480458255,0.0013820109452749691,0.0013819419397195882,0.012434983455573513
0.395,0.1283172809128317,0.3780078412707163,0.001317106887730088,-6.381376017631276e-06,0.137548516347459,0.3897716567528823,0.007057605457626409,0.006764200920666643,0.33945666439478767,0.13293289863014535,0.0046156177173136345,0.3838897490117993,0.005881907741082974,0.004187356172678248,0.00287024928494816,0.003378909772324506,0.003385291148342137,0.004372719954851313,0.001850705191403427,0.0031340865749239807,0.0010618831329905244,0.0013570314102059387,0.0015438193911381163,0.0013599164846643075,0.0013598558739101921,0.012907935858655168
0.405,0.11991159168231838,0.36085477384830045,0.0012836319145969103,-5.722902823870023e-06,0.12821889408188233,0.37168262618514714,0.00654551360572915,0.0064952600786902515,0.3322987538824357,0.12406524288210036,0.004153651199781977,0.3662687000167238,0.005413926168423345,0.0039145727601630305,0.00263094084556612,0.0032447685879331907,0.0032504914907570607,0.004344674609332335,0.0018325590752998682,0.0030941213736955992,0.0010908356526572575,0.0013336940180107071,0.0015253493533797658,0.001338826362785062,0.0013387732927906467,0.013411854584844861
0.415,0.11164711974933142,0.34353509887699996,0.00127679053252508,-5.133810551902554e-06,0.11917477519335978,0.353555009182554,0.0061394176658223915,0.00623768324981443,0.3249947970798343,0.1154109474713456,0.0037638277220141845,0.348545054029777,0.005009955152777032,0.0037081040991737355,0.0024313135666486556,0.003116274719631264,0.0031214085301831665,0.004306238874730806,0.0018080532583678783,0.0030566626443962646,0.001126116174153572,0.001327413989363586,0.0015152176718861224,0.0013163740281529467,0.001316327910593981,0.013940051763319689
0.425,0.10376161228086758,0.32678168704018024,0.0013237383239966716,-4.586924712076876e-06,0.11066071445683506,0.33608736496518304,0.0058288451453142424,0.005992568019683589,0.31752578677430393,0.10721116336885132,0.003449551087983737,0.33143452600268164,0.004652838962501423,0.003576291734655457,0.002252553410658785,0.002993990547485756,0.002998577472197833,0.004250908337073371,0.0017941706943455243,0.003017782358249587,0.0011657040731439794,0.0013474167567787258,0.0015090227105585793,0.0012935118792990422,0.00129347242404646,0.014465294908190048
0.435,0.09610626784156784,0.31027419307044213,0.0014211125680056828,-4.092517454130137e-06,0.10252581100067351,0.31896352603820555,0.005618851472702768,0.005763461097257051,0.3097462502134319,0.09931603942112067,0.003209771579552838,0.31461885955432384,0.004344666483881714,0.0035199820203542253,0.0020988694523485425,0.00287968428990146,0.00288377680735559,0.004181920318377324,0.0017877701363286007,0.0029754705458513854,0.0012098248102333786,0.0013906524255115002,0.0015082246083858036,0.0012708714761272507,0.0012708382185103154,0.015004730284062084
0.445,0.08868827258541927,0.29388036806064244,0.0015425111425824475,-3.6501891808888437e-06,0.09471641937903065,0.30201254173735537,0.005460767776385856,0.0055325195593738975,0.30178359027751855,0.09170234598222496,0.0030140733968056907,0.2979464548989989,0.004066086838356463,0.0035016394594841516,0.001959128316901704,0.0027644346850965043,0.002768084874277393,0.004091673179283923,0.0017817787958178007,0.0029219949458293105,0.0012551158442238766,0.0014422650596192272,0.0015052944368990546,0.0012430916812320447,0.0012430641810746753,0.015532919835648912
0.455,0.08174112365554695,0.27813402472203,0.0016713219737159394,-3.2437352178145765e-06,0.08742560417245715,0.2857427943277549,0.0053203744968179315,0.005284738780335886,0.29389113301488323,0.08458336391400205,0.0028422402584551026,0.28193840952489246,0.0038043848028624155,0.0034958482352669355,0.001824526261550996,0.0026407475225590357,0.0026439912577768503,0.003980863302505307,0.001776492674016759,0.0028552945929156094,0.0012991854604228613,0.001495907119129619,0.0014966162189595498,0.001206638857513148,0.001206616914386506,0.016019929286928632
0.465,0.0750546995376403,0.26254138773709107,0.0018191048089463986,-2.8828457113304513e-06,0.0804575764745332,0.26965942575893215,0.005215271161410222,0.005016470392404715,0.28587759128019874,0.07775613800608674,0.0027014384684464457,0.2661004067480116,0.0035590190109205592,0.00351718798517831,0.0016980831762319116,0.0025067937733466925,0.002509676619058023,0.003849111629411586,0.001773314495259677,0.0027722209482795948,0.0013429582849728097,0.0015575465195678984,0.001484551533260497,0.001160205074914575,0.0011601885151451242,0.0164868669864292
0.475,0.06875709834643877,0.24750817478758086,0.001959629994253324,-2.555663104151021e-06,0.07391223054603345,0.25417995634723073,0.00511243564467436,0.004762592855838698,0.2777972824754101,0.07133466444623611,0.002577566099797342,0.2508440655674058,0.0033358907798249327,0.003536032819463842,0.001576402825210518,0.0023800185963672735,0.0023825742594714245,0.003704228802919312,0.0017653918770025266,0.0026756522197077834,0.0013880719393605705,0.0016090421128295463,0.00146509280523519,0.0011135161164071447,0.001113504607694975,0.016920529413878487
0.485,0.06285740964788734,0.2330959671158279,0.0020708056383219233,-2.2581098434041116e-06,0.06776835566717455,0.2393697607960553,0.004979781835812425,0.004551046911888197,0.2696632225157839,0.06531288265753095,0.0024554730096436094,0.2362328639559416,0.003136896840113689,0.0035252937370671743,0.001454488098745251,0.0022743944010223966,0.0022766525108658007,0.0035457144210430318,0.001745405291903347,0.002564782830016562,0.0014356843088293282,0.0016344468581806877,0.001432687438895922,0.0010738517025732895,0.0010738446830801233,0.017292137996612306
0.495,0.05717879578522433,0.218826756511007,0.002163224172455215,-1.996865571572519e-06,0.06185105454633268,0.22474456183428723,0.004823972002536849,0.004374486752735101,0.2612970950028601,0.059514925165778505,0.0023361293805541764,0.22178565917264711,0.002958902661640114,0.0034935980874960322,0.001330373915040817,0.0021862449435817643,0.002188241809153337,0.003368370345089159,0.0017136729794302711,0.00243489907349383,0.0014866598754082537,0.0016403524839710868,0.001386072321290301,0.0010387142340767745,0.0010387111487069984,0.017603192910172843
0.505,0.0518816564029462,0.20515712936951855,0.0022350484917358126,-1.7618534359146835e-06,0.056333276725679726,0.21075249382410552,0.004657605332854195,0.0042145549049400505,0.25288741640315904,0.054107466564312964,0.0022258101613667654,0.20795481159681203,0.0027976822272934862,0.003446326912295004,0.0012112784205591913,0.0021063965257520677,0.0021081583791879824,0.003190697558830054,0.0016785891411428603,0.0022961186155617086,0.0015385253266163796,0.0016288140607527337,0.0013350143080181275,0.0010044473014958724,0.00100444774727222,0.017900581532918434
0.515,0.04698768845510785,0.19210718172513408,0.00228007346834393,-1.5487600314744755e-06,0.051241423367075455,0.19739755554629368,0.004485229804581331,0.0040521391087303855,0.24459100400701092,0.04911455591109165,0.002126867455983807,0.19475236863571388,0.0026451869105798068,0.0033826516364626304,0.0011025781681187005,0.0020252951743494553,0.00202684393438093,0.003019422088571954,0.0016444293248674027,0.0021535989724601953,0.0015878002985293173,0.0015967297557639088,0.0012861192674969958,0.0009665128391429088,0.0009665165436218452,0.01821851193268488
0.525,0.0424361776082203,0.1795148041240705,0.0022951336536444263,-1.3619022564514797e-06,0.04651718708704419,0.18452134495337524,0.004302319423500397,0.0038902693959247145,0.23639374933607596,0.044476682347632246,0.0020405047394119456,0.18201807453872287,0.002503270414652357,0.0032987265385724116,0.0010035928849279853,0.0019444537468341315,0.001945815649090583,0.0028460077609914224,0.0016119720451774372,0.002005460274126115,0.0016368148896789042,0.0015406933504717266,0.0012372835050575152,0.0009251246852958344,0.0009251313470365707,0.01853643145785715
0.535,0.03819992138039854,0.16735391336669053,0.0022883745977501715,-1.1972822348436593e-06,0.04212538547435659,0.17209293695010908,0.004112784525725706,0.003729277855209754,0.22825830966198188,0.04016265342737756,0.001962732046979026,0.1697234251583998,0.00236951179170927,0.003200579561737939,0.0009122049639877673,0.0018640402864874553,0.001865237568722299,0.0026796506273553664,0.0015812608532482877,0.0018583090304578687,0.0016847065982990206,0.0014690172981383985,0.0011895532586133838,0.000881091150928028,0.0008811004878124373,0.018903981494078986
0.545,0.03427383579272988,0.15564950341585024,0.0022694857953757946,-1.0461131845478783e-06,0.038050857211778956,0.16012264180443594,0.003925362052408717,0.0035604983964687576,0.2201988123351743,0.03616234650225442,0.0018885107095245378,0.1578860726101431,0.00223656919429284,0.003097423923892256,0.0008279381285164613,0.0017797261416421049,0.0017807722548266527,0.0025366321745558316,0.00155290118241759,0.0017220249036125348,0.0017272422408080438,0.0013922725702904281,0.00114724133365992,0.0008335069717345768,0.00083351883331575,0.01941750055189206
0.555,0.03074041934969086,0.1444387987225127,0.002238525520238192,-9.080103991728275e-07,0.034371052804511956,0.14863342542933183,0.0037441410662159393,0.003372792324740683,0.21282660629674402,0.03255573607710141,0.001815316727410549,0.14653611207592226,0.0020973133534095694,0.0029913332932270656,0.0007528077729888736,0.001685942157170755,0.001686850167569928,0.002420700759225727,0.001525348767292261,0.0016011605075617712,0.0017572344133609567,0.0013115572299610924,0.0011130568400284835,0.0007792087716345804,0.0007792230782805501,0.020116430043291677
0.565,0.027621361014644585,0.133674337489263,0.002192143904607682,-7.920892871843103e-07,0.03110569585151451,0.1375837791908639,0.0035683202778646382,0.003157366011763581,0.2066317404929214,0.029363528433079548,0.0017421674184349633,0.13562905834006345,0.0019547208508004597,0.00288023209123616,0.0006880881866284782,0.0015782869612381983,0.0015790790505253826,0.0023187520394931296,0.0014952342133904496,0.0014965695206403341,0.0017723094722658867,0.0012234554497466312,0.0010852757118597002,0.0007151187694311875,0.0007151353933295194,0.0209492055422575
0.575,0.02475538418271569,0.12345189437706997,0.0021469868505026523,-6.890720390575599e-07,0.02809020239966802,0.12708711187415442,0.003405903047432601,0.00292528737632153,0.2005265638703214,0.026422793291191855,0.0016674091084761646,0.1252695031256122,0.0018176087485422202,0.0027764449489676266,0.0006294580984649742,0.001462299152141236,0.0014629882241802936,0.0022375815942992437,0.0014674941471989132,0.0014152086064302815,0.0017809551573424332,0.0011427447224565846,0.0010636900003758805,0.0006468773291794463,0.0006468961036690876,0.021988137274587403
0.585,0.022094397510980416,0.11377265328460216,0.0021059442920467845,-5.97435901223721e-07,0.025277554955325573,0.11715056464100242,0.003258666736560732,0.002682937808706473,0.19419778719330125,0.023685976233152994,0.0015915787221725778,0.11546160896280229,0.0016889556782001224,0.0026823055143037583,0.0005763612222569737,0.0013411701864026247,0.0013417676223038484,0.0021711502795654096,0.001443749108924476,0.00135701041594459,0.0017837593348832496,0.001072939150153402,0.0010477970179587597,0.0005767067729534524,0.0005767275280069594,0.023234358702602598
0.595,0.019646873356418938,0.10463890698981666,0.0020673673804854687,-5.168489845403228e-07,0.02268627030480548,0.10777507438737748,0.003124317891174636,0.0024584186441643204,0.18775877846593858,0.02116657183061221,0.0015196984741932703,0.10620699068859707,0.001568083698780402,0.0025958426358300524,0.0005284752553445837,0.00122895089758989,0.0012294677465744302,0.0021192511424124433,0.0014304519695483066,0.00131950466246432,0.001780297373625232,0.0010163222063560846,0.0010377859586622473,0.0005123108246131849,0.0005123334739879548,0.024756273418109848
0.605,0.017401536345895016,0.09601215024860908,0.00202754675332421,-4.462716500133312e-07,0.02030710161913367,0.09892174708643205,0.0029980809851151754,0.0022623342090425536,0.18124306455835376,0.018854318982514343,0.001452782636619328,0.09746694866752056,0.0014547984189114882,0.0025128138692196928,0.00048526711589548266,0.00113094396869627,0.0011313902403462834,0.0020829330472507813,0.0014294199002848986,0.0012976679433245623,0.0017708196232438815,0.0009742483574504756,0.0010334751630487595,0.00045644587123871245,0.0004564709829110129,0.026635968945619398
0.615,0.015374744030272905,0.0878862769276567,0.001983895917761011,-3.843529773155368e-07,0.01815940952565679,0.09058443030241019,0.002876621358237189,0.0021016957216231456,0.17493907544779233,0.016767076777964848,0.0013923327476919418,0.08923535361503344,0.0013490766873767398,0.0024302586379991,0.0004463627202380887,0.001050655684322915,0.0010510400373002304,0.002061855415802797,0.0014423637127958322,0.0012863657949159027,0.0017555342919749993,0.0009469098175960386,0.0010346190974753573,0.00041063435705733926,0.00041066187884288474,0.028956970276971934
0.625,0.013569798577608922,0.0800859746363438,0.0019318880637319291,-3.3029989950365997e-07,0.01624716231678691,0.08258346055961731,0.0027537610004627414,0.001978744598444179,0.16944038752387006,0.014908480447197918,0.0013386818695889954,0.08133471759798055,0.0012487429616367496,0.0023428245320973352,0.000410936468365406,0.0009892071492723375,0.0009895374491718412,0.0020507800872209283,0.0014702270205162824,0.0012789834471282424,0.001732212879789447,0.0009325852599681411,0.0010401157271133507,0.00037487641494861,0.0003749045060401411,0.03183558192098979
0.635,0.011975804583751953,0.07288078041599044,0.0018702034882843194,-2.8302042626138744e-07,0.014552052322982796,0.07519634273612527,0.002628728683062319,0.001880185888164201,0.16432047674841302,0.013263928453367374,0.0012881238696154217,0.07403856157605786,0.0011577811600674195,0.002249466085673319,0.0003792625973889996,0.0009399514338689698,0.0009402344542952312,0.002057664040080152,0.0015083522673066398,0.0012735854419178517,0.0017064200141336044,0.0009310597263244343,0.0010506293977590496,0.0003461512701669023,0.0003461795712373892,0.03533408117259571
0.645,0.010540468424787454,0.06616943050966483,0.0018033530501312678,-2.418020868673017e-07,0.013018982732930605,0.06831854081244233,0.0025046885808356744,0.0017949148610077363,0.15929513588979574,0.01177972557885903,0.001239257154071575,0.06724398566105358,0.001074555151388748,0.002154020815483471,0.0003506677653522033,0.0008973365294604345,0.0008975783315473018,0.00207355878345768,0.0015548741022931112,0.0012666507440623487,0.0016774835764781,0.0009418977303529983,0.0010652297483716613,0.0003219940276509935,0.0003220221681085843,0.03949423621483577
0.655,0.009234802246854922,0.05991363595366539,0.0017350541416441853,-2.0603048377803614e-07,0.01161755105217225,0.06191030734330975,0.002384539347815231,0.0017151551932464346,0.15413523315454797,0.010426176649513586,0.001191374402658663,0.06091197164848757,0.0009983356948221808,0.002059796744729708,0.0003247426030855227,0.0008574745813813283,0.0008576806118651063,0.002093316429255342,0.0016081222946946402,0.0012565929153837338,0.0016454926360216305,0.000963635267521405,0.001083229664849121,0.00030085212094918583,0.00030087970748477534,0.04437926539418538
0.665,0.008036701996133176,0.05404121079443239,0.0016675716055767503,-1.7519889660376747e-07,0.010324189422039613,0.05589823832128771,0.0022697375979582675,0.0016337880349265158,0.14871432149631184,0.009180445709086394,0.0011437437129532188,0.05496972455786005,0.0009285137634276624,0.001968654601767509,0.00030108299619075856,0.0008168064180149561,0.0008169816169115599,0.00211534215644872,0.0016658056991794164,0.0012422540154838062,0.0016108254410421336,0.0009944026555011073,0.0011038722652488846,0.0002815071049480811,0.0002815336739001546,0.05013665738337801
0.675,0.006962152768781458,0.048542708435190464,0.0016019510576243128,-1.4856335889019013e-07,0.009153157842135554,0.05027157349938564,0.0021603923010016556,0.0015451264711060764,0.14342324508070356,0.008057655305458506,0.0010955025366770484,0.04940714096728805,0.0008644325320975893,0.0018811716793129842,0.00027922062168867146,0.0007724889538735932,0.0007726375172324834,0.0021398775938695747,0.0017252052310504505,0.0012248531272244549,0.0015737263202749182,0.0010327478329935833,0.0011258894685381988,0.0002630916241235723,0.0002631166577552283,0.056930302422171
0.685,0.006020936835307487,0.04352772199264286,0.0015411605246436653,-1.25515774387951e-07,0.00811738471849012,0.04514197343132567,0.002059993954844066,0.0014508238769338061,0.13832418880834513,0.007069160776898804,0.001048223941591316,0.04433484771198427,0.0008071257193414025,0.0018005772397438659,0.0002594167151002005,0.0007253491805797091,0.000725474696354097,0.002167964721833486,0.0017853744626469194,0.0012087277291010104,0.001537045305897945,0.0010778794844765174,0.0011494620963448257,0.0002459242326544901,0.00024594718814456183,0.06482046883164709
0.695,0.0051476931233032965,0.038877545557821594,0.001483001136058091,-1.0586043216304596e-07,0.0071466683796827385,0.040386554367802655,0.001965888182202953,0.0013497307845815204,0.1324078732194465,0.0061471807514930175,0.000999487628189721,0.039632049962812124,0.0007545044049905315,0.001724444659130522,0.00024144352307243098,0.0006748124620746787,0.0006749183225068417,0.0021944844534647887,0.0018425370943080646,0.0011944276532586736,0.0014989198786076671,0.0011300562984623117,0.00117501343735103,0.0002296396738868914,0.00022966016294516332,0.07399254473589845
0.705,0.004324870078752287,0.03468851901091636,0.0014301662570869232,-8.89917256700944e-08,0.006231132092438396,0.03610327063990055,0.0018809866602445614,0.0012486524383315996,0.12467727657647378,0.005278001085595342,0.0009531310068430546,0.035395894825408454,0.0007073758144920965,0.0016555764586657423,0.00022541020157881898,0.0006242817233029647,0.0006243707150286348,0.0022180674346680787,0.001899292201517315,0.001186758798528207,0.0014621333125141313,0.001190023650444182,0.001202549631072192,0.0002150529717628661,0.00021507066939518307,0.08445298950128247
0.715,0.003530566222348361,0.030815230317932332,0.001379865228255415,-7.471485861715223e-08,0.005345311629689953,0.03214247510527979,0.0018011993486778508,0.0011454999262107408,0.11457211858948253,0.004437938926019157,0.0009073727036707962,0.03147885271160606,0.0006636223936737277,0.001590532288466633,0.00021066706021121776,0.0005727126056760619,0.000572787320534679,0.002231990449701145,0.0019537100185604826,0.0011846472323038817,0.001423915399190583,0.0012597517816598967,0.0012309385525289807,0.00020131255039603226,0.00020132722023755067,0.09650594475073325
0.725,0.0028890127719774085,0.02729095469792695,0.0013345827932894597,-6.244690338799447e-08,0.004617116292498901,0.028539350972055046,0.0017294312051900204,0.0010448514899345771,0.10585971813572578,0.0037530645322381546,0.0008640517602607461,0.027915152834991,0.0006241981370640453,0.00153200699923974,0.00019742420595028043,0.0005223945215155946,0.0005224569684189826,0.002229994906263,0.0020063755751247975,0.0011898202476070597,0.0013875449181876276,0.0013405854447936859,0.0012605487388362912,0.00018862496425470153,0.0001886365583030903,0.11014531149367186
0.735,0.0023619584092765206,0.024051542638375507,0.001293835754735789,-5.2021240964017154e-08,0.004006506922786297,0.025228192796902027,0.0016646406489006923,0.0009471745929049584,0.09820402977012756,0.003184232666031409,0.0008222742567548881,0.024639867717638767,0.0005883250792632605,0.0014792382018182406,0.0001854024470824516,0.0004735612858319972,0.0004736133070729612,0.002215470597331917,0.002055999492704283,0.0012007881133365992,0.001352760265669102,0.0014350075226769476,0.0012908213767577454,0.0001765957706995414,0.00017660436121191974,0.1258840263321205
0.745,0.001941494265638808,0.021094918815147544,0.0012590531454713869,-4.3237903831372815e-08,0.003507086003900964,0.02220741440171966,0.0016083437871247652,0.0008548632330625363,0.09203610986379748,0.002724290134769886,0.000782795869131078,0.0216511666084336,0.0005562477932860594,0.001433698466298076,0.00017464532082668918,0.0004274099975793524,0.0004274532354831838,0.0021906685096116825,0.002103079226717161,0.0012167741794427824,0.0013212238083924977,0.0015444550039698903,0.0013219806828391062,0.00016517676835109296,0.00016518253683546274,0.14417054483103584
0.755,0.0015596808499806492,0.018426294596249115,0.001226224191980726,-3.579553611268889e-08,0.0030470158191699386,0.019480485989106587,0.0015556356502411798,0.0007667228762108521,0.08464430229494649,0.002303348334575294,0.0007436674845946447,0.01895339029267785,0.0005270956964287354,0.0013909299211109529,0.00016470572913022691,0.0003833435403373697,0.0003833793358734824,0.002172986296600613,0.0021451678461946243,0.0012372553799037268,0.001292718790678253,0.0016706851968043993,0.0013528238095820168,0.00015391181197414762,0.00015391495279567586,0.1659158123080336
0.765,0.0012212574181881919,0.016104178003926047,0.0011977595070696715,-2.954650819082978e-08,0.0026353835983404495,0.017108143699766928,0.0015096722971051466,0.0006859582694577048,0.07583481863467113,0.0019283205082643207,0.0007070630900761288,0.016606160851846487,0.000501982847920439,0.001353715902087409,0.00015595639501773747,0.000342964361474757,0.0003429939079829478,0.002165551879641461,0.002185487407897041,0.0012628306180671206,0.0012705115279924885,0.0018129204747923998,0.0013847847736110953,0.00014317653463586175,0.00014317731402079675,0.1912348017240092
0.775,0.0009170992002270818,0.01399235064103251,0.0011696281327084502,-2.4372574502552237e-08,0.0022561994841136536,0.014949434429683812,0.0014652168265040573,0.0006101409739368238,0.06554289724113203,0.0015866493421703676,0.0006695501419432859,0.014470892535358161,0.0004785418943256508,0.0013174224796062538,0.0001477943468978036,0.0003050583006811606,0.00030508267325566316,0.0021609580945957906,0.00221954718830693,0.0012874114985308614,0.0012508857898824602,0.0019737618041712206,0.001415843458643138,0.00013248513236423774,0.00013248387965781965,0.22154929406418722
0.785,0.0006587018365197603,0.012078800872709133,0.0011422905023144383,-2.0032012291516018e-08,0.0019210045037559645,0.012992345326951671,0.0014227987550536083,0.0005405876043727597,0.05453371104146874,0.0012898531701378624,0.0006311513336181022,0.012535573099830402,0.00045677222712126937,0.0012825446286840233,0.00014025412636958488,0.0002702837861802341,0.0002703038181925256,0.0021455519533392312,0.0022476373740953157,0.0013072513178745552,0.0012345520859037547,0.0021525824332420123,0.0014458840661327437,0.0001221481972582027,0.00012214520016722358,0.2573797947213142
0.795,0.000453238609074152,0.01037332667318939,0.0011177674645964678,-1.6316493177376918e-08,0.0016401742021157264,0.01124803130270092,0.0013849490041435953,0.0004793618559681914,0.04369269602253825,0.0010467064055949393,0.0005934677965207872,0.010810678987945155,0.0004373523147557651,0.0012513582343700316,0.00013359076977356374,0.000239672769737507,0.00023968908623068437,0.002111868746371473,0.0022736338972662324,0.0013213846679155702,0.0012237083964725657,0.0023482841136498018,0.0014764799161742467,0.00011263101844883492,0.00011262658421978259,0.2992410453915535
0.805,0.00030623363480705745,0.00881893715254459,0.001093092199482235,-1.3283048319362618e-08,0.0014120663394233636,0.009656585722194518,0.0013477179533223633,0.00042460636460101914,0.03472455121405391,0.0008591499871152105,0.000552916352308153,0.009237761437369554,0.000418824284824964,0.0012204050764022991,0.00012731287692006418,0.0002122965407763499,0.00021230982382466925,0.0020635197203137967,0.0022909064833932756,0.0013256965409417984,0.0012164552491787817,0.002561799144267418,0.0015052419998304943,0.00010391137111497107,0.00010390577773345736,0.3496875469088535
0.815,0.0002197843734342438,0.007461700295629109,0.0010715790521259457,-1.0890641565294975e-08,0.0012439294244871242,0.008266841357061683,0.0013152485200314229,0.00037831695592184663,0.029454998824194053,0.000731856898960684,0.0005120725255264402,0.007864270826345396,0.00040257053071628715,0.0011934137860786843,0.0001218347339527386,0.00018915303264014065,0.00018916392328170595,0.0020085516002623137,0.0023056496774150927,0.0013241560718825142,0.0012165329267269747,0.0027921669152642073,0.0015352402621456162,9.649621030227616e-05,9.648975360319598e-05,0.4098643153697622
0.825,0.00014461261681302916,0.0062290863602450135,0.0010479268809738616,-8.893748176721367e-09,0.0010761824545619321,0.0070016795237131816,0.0012807722456144885,0.00033706301173991895,0.023215702664835264,0.0006103975356874806,0.0004657849188744515,0.0066153829419790975,0.0003862965817340844,0.001164349563294175,0.0001164226823203135,0.00016852705899587112,0.00016853595274404784,0.001949414693241535,0.0023104082376546667,0.0013116951564040456,0.0012188138162486542,0.0030339810309741927,0.0015611468322221404,8.999482538509138e-05,8.998789023889838e-05,0.48534116286448653
0.835,7.274863157174009e-05,0.005187167474177056,0.0010255405019145188,-7.149351886816691e-09,0.0008887101942641639,0.005930075908037894,0.001248584099304017,0.00030163734234739745,0.014024731596560156,0.000480729412917952,0.0004079807813462119,0.005558621691107475,0.0003714542169304188,0.0011370623006092678,0.00011152179869474914,0.00015081509649775531,0.00015082224584964213,0.0018946817367638156,0.0023064827349087973,0.0012929383368820808,0.0012266249535169101,0.0032887531124309636,0.001586054137155272,8.460203646982301e-05,8.459482930990285e-05,0.575461198019151
0.845,2.7315861413605138e-05,0.004292917555511477,0.0010026853911715653,-5.7712455170464815e-09,0.0007050663012362684,0.005007638297015123,0.001216502697428127,0.0002699447413856849,0.006363006291265848,0.0003661910813249368,0.00033887521991133164,0.0046502779262633,0.00035736037075182224,0.0011095940442998461,0.00010690865312828083,0.00013496948507008393,0.00013497525631560097,0.0018407897794986893,0.0022953265843800473,0.0012683480696159255,0.0012388246239051599,0.0035513992572866835,0.001608398918126929,8.009494528956799e-05,8.008781973933198e-05,0.6853858501925258
0.855,7.903119282979241e-06,0.0035204470939623283,0.0009788453521983101,-4.57498813559074e-09,0.0005435358816733055,0.004208379840651313,0.0011839647956078528,0.0002415341850114019,0.00224491920260166,0.00027571950047814233,0.0002678163811951631,0.003864413467306821,0.00034396637334449255,0.0010814050739030815,0.00010255972170477134,0.00012076480501163316,0.00012076937999976875,0.0017898106730047689,0.0022780190735443816,0.0012362991490842794,0.0012551564323103662,0.003816818530646732,0.0016278841141976223,7.652039804739583e-05,7.651357130775489e-05,0.8229166364890145
0.865,2.132116026091037e-06,0.0028447540818779143,0.0009545472260459474,-3.6265010300702517e-09,0.00042062184125727053,0.003506666129560972,0.0011512872584267676,0.00021575645797862133,0.0007494904532076665,0.00021137697864168079,0.00020924486261558975,0.003175710105719443,0.00033095602384152905,0.0010529172422363575,9.837001619041008e-05,0.00010787641573879563,0.0001078800422398257,0.001745346832435243,0.002252961137215264,0.001193916675953999,0.0012743830153744418,0.004081818570670505,0.001643094082019119,7.385843387937283e-05,7.385212590253902e-05,1.0018176203099372
0.875,6.416552616425901e-07,0.002281855405584316,0.0009319271806440427,-2.8194908937819374e-09,0.0003334984593681288,0.0029199158087030263,0.001121010948309662,0.0001928870779584629,0.00028119891386294086,0.0001670700573148857,0.00016642840205324311,0.002600885607143671,0.0003190302015593552,0.0010264690644768524,9.454188383280961e-05,9.644212923378456e-05,9.644494872467834e-05,0.001710754273698373,0.002225280691736178,0.0011495349991999695,0.0012980674055080308,0.004347607893555644,0.0016567417791561194,7.226798473932284e-05,7.2262368994451e-05,1.2300850860309593
0.885,2.7307907782985787e-07,0.0018229141722702052,0.0009070215353770025,-2.201023680643236e-09,0.00027992351816995644,0.0024363438333829856,0.0010882778975322852,0.00017139700860704075,0.0001498035848225224,0.00014009829862389315,0.0001398252195460633,0.0021296290028265954,0.00030671483055639024,0.0009976497164546439,9.062818107764126e-05,8.569740379168005e-05,8.56996048153607e-05,0.001671621733852456,0.002185505684479782,0.0011077067739326905,0.0013208675275390572,0.004596922334006886,0.0016620881431377195,7.143067277617265e-05,7.142587954795114e-05,1.5093965639004883
0.895,1.9300041238960795e-07,0.0014597870242512969,0.0008769075953036886,-1.6769966954948432e-09,0.00025098663004008415,0.0020458017275646603,0.0010495696360603066,0.00015003618674997978,0.00013221134945256484,0.00012558981522623687,0.00012539681481384726,0.0017527943759079786,0.0002930073516566818,0.0009632386156819976,8.633102037830896e-05,7.501725487664215e-05,7.501893187333764e-05,0.0016195066844903914,0.0021263328751273333,0.0010730562435271264,0.001337336588523357,0.004806016739599656,0.0016527238144678827,7.092864139892709e-05,7.092469092405704e-05,1.8309819557863196
0.905,1.7377860733020726e-07,0.0011543796661863898,0.0008456228447708733,-1.259306520702357e-09,0.00023460775001273287,0.0017130686784827011,0.0010097800857460303,0.00013033704768702036,0.00015053852074881264,0.00011739076431003154,0.00011721698570270133,0.0014337241723345454,0.0002793445061481556,0.0009277014652584518,8.207862048757851e-05,6.516789419024982e-05,6.516915349677052e-05,0.0015557923875436246,0.002058404280091301,0.001035325054151402,0.0013504464692348508,0.004977642527714972,0.0016342474264611174,7.108597310765743e-05,7.108284050233597e-05,2.2351543185677367
